<?xml version="1.0" encoding="utf-8" standalone="no" ?>
<modDesc descVersion="90">
    <author>750Ti Modding</author>
    <version>1.0.0.0</version>
    	
	<title>
		<en>Old Warehouse</en>
		<de>Altes Lagerhaus</de>
	</title>
    
<description>
<en><![CDATA[
Old Grain Hall
- Price: $40,000
- Daily upkeep: $20 /day
]]></en>
<de><![CDATA[
Alte Getreide Lagerhalle
- Preis: 40.000 €
- Unterhalt: 20 €/Tag
]]></de>
</description>
    
    <iconFilename>icon_warehouse.dds</iconFilename>
    <multiplayer supported="true"/>

    <storeItems>
        <storeItem xmlFilename="warehouse.xml"/>
    </storeItems>

    <l10n>
        <text name="action_lightOn">
            <en>Switch Light ON</en>
            <de>Licht anschalten</de>
            <pl>Włącz światło</pl>
        </text>
        <text name="action_lightOut">
            <en>Switch Light OFF</en>
            <de>Licht ausschalten</de>
            <pl>Wyłącz światło</pl>
        </text>
    </l10n>
	
</modDesc>