<?xml version="1.0" encoding="utf-8" standalone="no" ?>
<placeable type="simplePlaceable" xmlns:xsi="http://www.w3.org/2001/XMLSchema-instance" xsi:noNamespaceSchemaLocation="../../../../shared/xml/schema/placeable.xsd">
    <storeData>
		<name>
			<en>Old Warehouse</en>
			<de>Altes Lagerhaus</de>
		</name>
        <image>store_garage.dds</image>
        <price>40000</price>
        <functions>
            <function>$l10n_function_garage</function>
        </functions>
        <lifetime>1000</lifetime>
        <dailyUpkeep>20</dailyUpkeep>
        <rotation>0</rotation>
        <brand>NONE</brand>
        <species>placeable</species>
        <category>sheds</category>
        <canBeSold>true</canBeSold>
        <showInStore>true</showInStore>
        <vertexBufferMemoryUsage>620032</vertexBufferMemoryUsage>
        <indexBufferMemoryUsage>84480</indexBufferMemoryUsage>
        <textureMemoryUsage>8388608</textureMemoryUsage>
        <audioMemoryUsage>0</audioMemoryUsage>
        <instanceVertexBufferMemoryUsage>0</instanceVertexBufferMemoryUsage>
        <instanceIndexBufferMemoryUsage>0</instanceIndexBufferMemoryUsage>
    </storeData>

    <base>
        <filename>warehouse.i3d</filename>
    </base>

    <placement useRandomYRotation="false" useManualYRotation="true">
        <testAreas>
            <testArea startNode="7|0" endNode="7|0|0" />
        </testAreas>

        <sounds>
            <place template="smallImp" />
        </sounds>
    </placement>

    <indoorAreas>
        <indoorArea startNode="5|0" widthNode="5|0|0" heightNode="5|0|1"/>
    </indoorAreas>

    <clearAreas>
        <clearArea startNode="3|0" widthNode="3|0|0" heightNode="3|0|1"/>
    </clearAreas>

    <leveling requireLeveling="true" maxSmoothDistance="10" maxSlope="75" maxEdgeAngle="30">
        <levelAreas>
            <levelArea startNode="4|0" widthNode="4|0|0" heightNode="4|0|1"/>
        </levelAreas>
    </leveling>


    <tipOcclusionUpdateAreas>
        <tipOcclusionUpdateArea startNode="6|0" endNode="6|0|0" />
    </tipOcclusionUpdateAreas>

    <ai>
        <updateAreas>
            <updateArea startNode="6|0" endNode="6|0|0" />
        </updateAreas>
    </ai>

    <animatedObjects>
        <animatedObject saveId="Door1" >
            <animation duration="1.2">
                <part node="0>1|0|0">
                    <keyFrame time="0.0" translation="1.5 -0.101 12.042"/>
                    <keyFrame time="1.0" translation="-3.485 -0.101 12.042"/>
                </part>
            </animation>
            <controls triggerNode="0>1|0|1" posAction="ACTIVATE_HANDTOOL" posText="action_openGate" negText="action_closeGate" />
            <sounds>
                <moving linknode="0>1|0" template="slidingGateMetalLoop" />
                <posEnd linknode="0>1|0" template="slidingGateMetalOpen" />
                <negEnd linknode="0>1|0" template="slidingGateMetalClose" />
            </sounds>
        </animatedObject>
        <animatedObject saveId="Door2" >
            <animation duration="1.2">
                <part node="0>1|1|0">
                    <keyFrame time="0.0" translation="6.107 -0.399 0.001"/>
                    <keyFrame time="1.0" translation="6.107 -0.399 -4.33"/>
                </part>
            </animation>
            <controls triggerNode="0>1|1|1" posAction="ACTIVATE_HANDTOOL" posText="action_openGate" negText="action_closeGate" />
            <sounds>
                <moving linknode="0>1|1" template="slidingGateMetalLoop" />
                <posEnd linknode="0>1|1" template="slidingGateMetalOpen" />
                <negEnd linknode="0>1|1" template="slidingGateMetalClose" />
            </sounds>
        </animatedObject>
        <animatedObject saveId="Door3" >
            <animation duration="1.2">
                <part node="0>1|2|0">
                    <keyFrame time="0.0" translation="6.041 -0.399 -4.946"/>
                    <keyFrame time="1.0" translation="6.041 -0.399 -9.384"/>
                </part>
            </animation>
            <controls triggerNode="0>1|2|1" posAction="ACTIVATE_HANDTOOL" posText="action_openGate" negText="action_closeGate" />
            <sounds>
                <moving linknode="0>1|2" template="slidingGateMetalLoop" />
                <posEnd linknode="0>1|2" template="slidingGateMetalOpen" />
                <negEnd linknode="0>1|2" template="slidingGateMetalClose" />
            </sounds>
        </animatedObject>
		<animatedObject saveId="Door4" >
            <animation duration="1.2">
                <part node="0>1|3|0">
                    <keyFrame time="0.2" rotation="0 0 0"/>
                    <keyFrame time="1.0" rotation="0 130 0"/>
                </part>
				<part node="0>1|3|0|1">
                    <keyFrame time="0.0" rotation="0 0 0"/>
                    <keyFrame time="0.1" rotation="-20 0 0"/>
                    <keyFrame time="0.2" rotation="-20 0 0"/>
                    <keyFrame time="0.3" rotation="0 0 0"/>
                </part>
            </animation>
            <controls triggerNode="0>1|3|1" posAction="ACTIVATE_HANDTOOL" posText="action_openGate" negText="action_closeGate" />
            <sounds>
                <moving linknode="0>1|3" template="slidingGateMetalLoop" />
                <posEnd linknode="0>1|3" template="slidingGateMetalOpen" />
                <negEnd linknode="0>1|3" template="slidingGateMetalClose" />
            </sounds>
        </animatedObject>
<!-- Lights -->
		<animatedObject saveId="Lampy" >
            <animation duration="1">
				<part node="0>2|0|0">
                    <keyFrame time="0" visibility="false" />
                    <keyFrame time="0.4" visibility="true" />
                </part>
                <part node="0>2|1|0">
                    <keyFrame time="0" visibility="false" />
                    <keyFrame time="0.4" visibility="true" />
                </part>
				<part node="0>2|2|0">
                    <keyFrame time="0" visibility="false" />
                    <keyFrame time="0.4" visibility="true" />
                </part>
				<part node="0>2|3|0">
                    <keyFrame time="0" visibility="false" />
                    <keyFrame time="0.4" visibility="true" />
                </part>
				<part node="0>2|4|0">
                    <keyFrame time="0" visibility="false" />
                    <keyFrame time="0.4" visibility="true" />
                </part>
				<part node="0>2|5|0">
                    <keyFrame time="0" visibility="false" />
                    <keyFrame time="0.4" visibility="true" />
                </part>
				<part node="0>2|6|0">
                    <keyFrame time="0" visibility="false" />
                    <keyFrame time="0.4" visibility="true" />
                </part>
				<part node="0>2|7|0">
                    <keyFrame time="0" visibility="false" />
                    <keyFrame time="0.4" visibility="true" />
                </part>
            </animation>    
                <controls triggerNode="0>2|10" posAction="ACTIVATE_HANDTOOL" posText="action_lightOn" negText="action_lightOut" />
                <posEnd linkNode="0>2|9" template="plasticDoorsOpen" />
                <negEnd linkNode="0>2|9" template="plasticDoorsClose" />
        </animatedObject>
		<animatedObject saveId="Lampy" >
            <animation duration="1">
				<part node="0>2|11|0|0">
                    <keyFrame time="0" visibility="false" />
                    <keyFrame time="0.4" visibility="true" />
                </part>
            </animation>    
                <controls triggerNode="0>2|14" posAction="ACTIVATE_HANDTOOL" posText="action_lightOn" negText="action_lightOut" />
                <posEnd linkNode="0>2|13" template="plasticDoorsOpen" />
                <negEnd linkNode="0>2|13" template="plasticDoorsClose" />
        </animatedObject>
		<animatedObject saveId="Lampy" >
            <animation duration="1">
				<part node="0>2|15|0|0">
                    <keyFrame time="0" visibility="false" />
                    <keyFrame time="0.4" visibility="true" />
                </part>
            </animation>    
                <controls triggerNode="0>2|18" posAction="ACTIVATE_HANDTOOL" posText="action_lightOn" negText="action_lightOut" />
                <posEnd linkNode="0>2|17" template="plasticDoorsOpen" />
                <negEnd linkNode="0>2|17" template="plasticDoorsClose" />
        </animatedObject>
    </animatedObjects>

</placeable>
