<?xml version="1.0" encoding="utf-8" standalone="no" ?>
<vehicle type="3PrezesZiaroo">
    <annotation>Copyright (C) GIANTS Software GmbH, All Rights Reserved.</annotation>

    <storeData>
        <name>C-4011 by PrezesZiaroo</name>

        <specs>
            <power>42</power>
            <maxSpeed>28</maxSpeed>
        </specs>

        <functions>
            <function>Zapraszam na moj kanal -> YouTube/PrezesZiaroo</function>
        </functions>

        <image>Store/Store40tka.dds</image>
        <price>7900</price>
        <brand>URSUS</brand>
        <category>tractorsS</category>
        <shopTranslationOffset>0 -0.1 0</shopTranslationOffset>
        <shopRotationOffset>0 0 0</shopRotationOffset>
    </storeData>

    <base>
        <typeDesc>$l10n_typeDesc_tractor</typeDesc>
        <filename>40stka by PrezesZiaroo.i3d</filename>
        <size width="3" length="5" lengthOffset="-0.2"/>

        <components>
        <!-- Traktor -->
        <component centerOfMass="0 0.6 -0.3"           solverIterationCount="20" mass="2192"/>
        <!-- Os -->
        <component centerOfMass="0 0 0"               solverIterationCount="20" mass="400"/>
        <!-- Wisiorek -->
        <component centerOfMass="0 0 0"             solverIterationCount="15" mass="0"/>
        <!-- Lewy Chlapacz -->
        <component centerOfMass="0 0 0"             solverIterationCount="15" mass="0"/>
        <!-- Prawy Chlapacz -->
        <component centerOfMass="0 0 0"             solverIterationCount="15" mass="0"/>
        <!-- Lewe drzwi -->
        <component centerOfMass="0 0 0"             solverIterationCount="15" mass="0"/>
        <!-- Prawe drzwi -->
        <component centerOfMass="0 0 0"             solverIterationCount="15" mass="0"/>

        <!-- Zaczep osi -->
            <joint component1="1" component2="2" node="0>0"   rotLimit="0 0 10"  rotLimitSpring="0 0 4000" rotLimitDamping="0 0 0" maxRotDriveForce="0 0 0" rotDriveRotation="0 0 0" rotDriveSpring="0 0 0" rotDriveDamping="0 0 0" breakable="false"/>
        <!-- Zaczep wisiorka -->
        <joint component1="1" component2="3" node="2>0|0" rotLimit="40 0 40" transLimit="0 0 0" />
        <!-- Lewy Chlapacz -->
        <joint component1="1" component2="4" node="3>0|0" rotLimit="0 0 0" transLimit="0 0 0" />
        <!-- Prawy Chlapacz -->      
        <joint component1="1" component2="5" node="4>0|0" rotLimit="0 0 0" transLimit="0 0 0" />
        <!-- Lewe drzwi -->
        <joint component1="1" component2="6" node="5>0|0" rotLimit="0 25 0" transLimit="0 0 0" />
        <!-- Prawe drzwi -->     
        <joint component1="1" component2="7" node="6>0|0" rotLimit="0 25 0" transLimit="0 0 0" />     	
        </components>

        <schemaOverlay attacherJointPosition="0.5 0">
            <default name="DEFAULT_VEHICLE"/>
            <turnedOn name="DEFAULT_VEHICLE_ON"/>
            <selected name="DEFAULT_VEHICLE_SELECTED"/>
            <turnedOnSelected name="DEFAULT_VEHICLE_SELECTED_ON"/>
        </schemaOverlay>
    </base>

    <realDirtColor useSimpleMode="true"/>

    <wheels>
       <wheelConfigurations>
        <!-- Kola R16 -->
	    <wheelConfiguration name="R16" price="0" brand="OsC4011">
            <wheels autoRotateBackSpeed="2.2" differentialIndex="1" ackermannSteeringIndex="1">
		        <wheel filename="Kola/przod 60.xml" isLeft="true" hasTireTracks="true" hasParticles="true">
                    <physics tipOcclusionAreaGroupId="1" rotSpeed="-1" restLoad="2.5" repr="1>3|1|0" driveNode="1>3|1|0|1|0" forcePointRatio="0.5" initialCompression="50" suspTravel="0.13" spring="28" damper="40"/>
                </wheel>
                <wheel filename="Kola/przod 60.xml" isLeft="false" hasTireTracks="true" hasParticles="true">
                    <physics tipOcclusionAreaGroupId="1" rotSpeed="-1" restLoad="2.5" repr="1>3|2|0" driveNode="1>3|2|0|1|0" forcePointRatio="0.5" initialCompression="50" suspTravel="0.13" spring="28" damper="40"/>
                </wheel>
				<wheel filename="Kola/tyl 60 Solec.xml" isLeft="true" hasTireTracks="true" hasParticles="true">
                    <physics rotSpeed="0" restLoad="2.5" repr="0>1|0"  forcePointRatio="0.5" initialCompression="21" suspTravel="0.21" spring="25" damper="30"/>
                </wheel>
                <wheel filename="Kola/tyl 60 Solec.xml" isLeft="false" hasTireTracks="true" hasParticles="true">
                    <physics rotSpeed="0" restLoad="2.5" repr="0>1|1" forcePointRatio="0.5" initialCompression="21" suspTravel="0.21" spring="25" damper="30"/>
                </wheel>
            </wheels>
				<!--OS 2x4-->
            <objectChange node="1>1" visibilityActive="false" />
            <objectChange node="0>13|0" visibilityActive="false" />   
				<!--OS 4x4-->
            <objectChange node="1>2" visibilityActive="false" />
            <objectChange node="0>13|1" visibilityActive="false" />
				<!--OS 40-->
            <objectChange node="1>3" visibilityActive="true" />
            <objectChange node="0>13|2" visibilityActive="true" />

			<!--Blotniki R16-->
            <objectChange node="1>1|1|0|0|0|0" visibilityActive="true" />
            <objectChange node="1>1|1|0|0|1|0" visibilityActive="true" />
            <objectChange node="1>1|1|0|0|2|0" visibilityActive="true" />

            <objectChange node="1>1|2|0|0|0|0" visibilityActive="true" />
            <objectChange node="1>1|2|0|0|1|0" visibilityActive="true" />
            <objectChange node="1>1|2|0|0|2|0" visibilityActive="true" /> 

               <objectChange node="1>3|1|0|0|0|0" visibilityActive="true" />
            <objectChange node="1>3|1|0|0|1|0" visibilityActive="true" />
            <objectChange node="1>3|1|0|0|2|0" visibilityActive="true" />

            <objectChange node="1>3|2|0|0|0|0" visibilityActive="true" />
            <objectChange node="1>3|2|0|0|1|0" visibilityActive="true" />
            <objectChange node="1>3|2|0|0|2|0" visibilityActive="true" />                  
			<!--Blotniki R18-->
            <objectChange node="1>1|1|0|0|0|1" visibilityActive="false" />
            <objectChange node="1>1|1|0|0|1|1" visibilityActive="false" />
            <objectChange node="1>1|1|0|0|2|1" visibilityActive="false" />

            <objectChange node="1>1|2|0|0|0|1" visibilityActive="false" />
            <objectChange node="1>1|2|0|0|1|1" visibilityActive="false" />
            <objectChange node="1>1|2|0|0|2|1" visibilityActive="false" />  

             <objectChange node="1>3|1|0|0|0|1" visibilityActive="false" />
            <objectChange node="1>3|1|0|0|1|1" visibilityActive="false" />
            <objectChange node="1>3|1|0|0|2|1" visibilityActive="false" />

            <objectChange node="1>3|2|0|0|0|1" visibilityActive="false" />
            <objectChange node="1>3|2|0|0|1|1" visibilityActive="false" />
            <objectChange node="1>3|2|0|0|2|1" visibilityActive="false" />                     
        </wheelConfiguration>
        <!-- Kola R16 -->
	    <wheelConfiguration name="R18" price="250" brand="OsC4011">
            <wheels autoRotateBackSpeed="2.2" differentialIndex="1" ackermannSteeringIndex="1">
		        <wheel filename="Kola/przod 60 R18.xml" isLeft="true" hasTireTracks="true" hasParticles="true">
                    <physics tipOcclusionAreaGroupId="1" rotSpeed="-1" restLoad="2.5" repr="1>3|1|0" driveNode="1>3|1|0|1|0" forcePointRatio="0.5" initialCompression="50" suspTravel="0.13" spring="28" damper="40"/>
                </wheel>
                <wheel filename="Kola/przod 60 R18.xml" isLeft="false" hasTireTracks="true" hasParticles="true">
                    <physics tipOcclusionAreaGroupId="1" rotSpeed="-1" restLoad="2.5" repr="1>3|2|0" driveNode="1>3|2|0|1|0" forcePointRatio="0.5" initialCompression="50" suspTravel="0.13" spring="28" damper="40"/>
                </wheel>
				<wheel filename="Kola/tyl 60 Solec.xml" isLeft="true" hasTireTracks="true" hasParticles="true">
                    <physics rotSpeed="0" restLoad="2.5" repr="0>1|0"  forcePointRatio="0.5" initialCompression="21" suspTravel="0.21" spring="25" damper="30"/>
                </wheel>
                <wheel filename="Kola/tyl 60 Solec.xml" isLeft="false" hasTireTracks="true" hasParticles="true">
                    <physics rotSpeed="0" restLoad="2.5" repr="0>1|1" forcePointRatio="0.5" initialCompression="21" suspTravel="0.21" spring="25" damper="30"/>
                </wheel>
            </wheels>
				<!--OS 2x4-->
            <objectChange node="1>1" visibilityActive="false" />
            <objectChange node="0>13|0" visibilityActive="false" />   
				<!--OS 4x4-->
            <objectChange node="1>2" visibilityActive="false" />
            <objectChange node="0>13|1" visibilityActive="false" />
				<!--OS 40-->
            <objectChange node="1>3" visibilityActive="true" />
            <objectChange node="0>13|2" visibilityActive="true" />

			<!--Blotniki R16-->
            <objectChange node="1>1|1|0|0|0|0" visibilityActive="false" />
            <objectChange node="1>1|1|0|0|1|0" visibilityActive="false" />
            <objectChange node="1>1|1|0|0|2|0" visibilityActive="false" />

            <objectChange node="1>1|2|0|0|0|0" visibilityActive="false" />
            <objectChange node="1>1|2|0|0|1|0" visibilityActive="false" />
            <objectChange node="1>1|2|0|0|2|0" visibilityActive="false" />  
            <objectChange node="1>3|1|0|0|0|0" visibilityActive="false" />
            <objectChange node="1>3|1|0|0|1|0" visibilityActive="false" />
            <objectChange node="1>3|1|0|0|2|0" visibilityActive="false" />

            <objectChange node="1>3|2|0|0|0|0" visibilityActive="false" />
            <objectChange node="1>3|2|0|0|1|0" visibilityActive="false" />
            <objectChange node="1>3|2|0|0|2|0" visibilityActive="false" />          
			<!--Blotniki R18-->
            <objectChange node="1>1|1|0|0|0|1" visibilityActive="true" />
            <objectChange node="1>1|1|0|0|1|1" visibilityActive="true" />
            <objectChange node="1>1|1|0|0|2|1" visibilityActive="true" />

            <objectChange node="1>1|2|0|0|0|1" visibilityActive="true" />
            <objectChange node="1>1|2|0|0|1|1" visibilityActive="true" />
            <objectChange node="1>1|2|0|0|2|1" visibilityActive="true" />  

            <objectChange node="1>3|1|0|0|0|1" visibilityActive="true" />
            <objectChange node="1>3|1|0|0|1|1" visibilityActive="true" />
            <objectChange node="1>3|1|0|0|2|1" visibilityActive="true" />

            <objectChange node="1>3|2|0|0|0|1" visibilityActive="true" />
            <objectChange node="1>3|2|0|0|1|1" visibilityActive="true" />
            <objectChange node="1>3|2|0|0|2|1" visibilityActive="true" />                  
        </wheelConfiguration>

        <!-- Kola R16 -->
	    <wheelConfiguration name="R16" price="0" brand="OsC355">
            <wheels autoRotateBackSpeed="2.2" differentialIndex="1" ackermannSteeringIndex="1">
		        <wheel filename="Kola/przod 60.xml" isLeft="true" hasTireTracks="true" hasParticles="true">
                    <physics tipOcclusionAreaGroupId="1" rotSpeed="-1" restLoad="2.5" repr="1>1|1|0" driveNode="1>1|1|0|1|0" forcePointRatio="0.5" initialCompression="50" suspTravel="0.13" spring="28" damper="40"/>
                </wheel>
                <wheel filename="Kola/przod 60.xml" isLeft="false" hasTireTracks="true" hasParticles="true">
                    <physics tipOcclusionAreaGroupId="1" rotSpeed="-1" restLoad="2.5" repr="1>1|2|0" driveNode="1>1|2|0|1|0" forcePointRatio="0.5" initialCompression="50" suspTravel="0.13" spring="28" damper="40"/>
                </wheel>
				<wheel filename="Kola/tyl 60 Solec.xml" isLeft="true" hasTireTracks="true" hasParticles="true">
                    <physics rotSpeed="0" restLoad="2.5" repr="0>1|0"  forcePointRatio="0.5" initialCompression="21" suspTravel="0.21" spring="25" damper="30"/>
                </wheel>
                <wheel filename="Kola/tyl 60 Solec.xml" isLeft="false" hasTireTracks="true" hasParticles="true">
                    <physics rotSpeed="0" restLoad="2.5" repr="0>1|1" forcePointRatio="0.5" initialCompression="21" suspTravel="0.21" spring="25" damper="30"/>
                </wheel>
            </wheels>
				<!--OS 2x4-->
            <objectChange node="1>1" visibilityActive="true" />
            <objectChange node="0>13|0" visibilityActive="true" />   
				<!--OS 4x4-->
            <objectChange node="1>2" visibilityActive="false" />
            <objectChange node="0>13|1" visibilityActive="false" />
				<!--OS 40-->
            <objectChange node="1>3" visibilityActive="false" />
            <objectChange node="0>13|2" visibilityActive="false" />

			<!--Blotniki R16-->
            <objectChange node="1>1|1|0|0|0|0" visibilityActive="true" />
            <objectChange node="1>1|1|0|0|1|0" visibilityActive="true" />
            <objectChange node="1>1|1|0|0|2|0" visibilityActive="true" />

            <objectChange node="1>1|2|0|0|0|0" visibilityActive="true" />
            <objectChange node="1>1|2|0|0|1|0" visibilityActive="true" />
            <objectChange node="1>1|2|0|0|2|0" visibilityActive="true" />          
			<!--Blotniki R18-->
            <objectChange node="1>1|1|0|0|0|1" visibilityActive="false" />
            <objectChange node="1>1|1|0|0|1|1" visibilityActive="false" />
            <objectChange node="1>1|1|0|0|2|1" visibilityActive="false" />

            <objectChange node="1>1|2|0|0|0|1" visibilityActive="false" />
            <objectChange node="1>1|2|0|0|1|1" visibilityActive="false" />
            <objectChange node="1>1|2|0|0|2|1" visibilityActive="false" />          
        </wheelConfiguration>

        <!-- Kola R18 -->
	    <wheelConfiguration name="R18" price="250" brand="OsC355">
            <wheels autoRotateBackSpeed="2.2" differentialIndex="1" ackermannSteeringIndex="1">
		        <wheel filename="Kola/przod 60 R18.xml" isLeft="true" hasTireTracks="true" hasParticles="true">
                    <physics tipOcclusionAreaGroupId="1" rotSpeed="-1" restLoad="2.5" repr="1>1|1|0" driveNode="1>1|1|0|1|0" forcePointRatio="0.5" initialCompression="50" suspTravel="0.13" spring="28" damper="40"/>
                </wheel>
                <wheel filename="Kola/przod 60 R18.xml" isLeft="false" hasTireTracks="true" hasParticles="true">
                    <physics tipOcclusionAreaGroupId="1" rotSpeed="-1" restLoad="2.5" repr="1>1|2|0" driveNode="1>1|2|0|1|0" forcePointRatio="0.5" initialCompression="50" suspTravel="0.13" spring="28" damper="40"/>
                </wheel>
				<wheel filename="Kola/tyl 60 Solec.xml" isLeft="true" hasTireTracks="true" hasParticles="true">
                    <physics rotSpeed="0" restLoad="2.5" repr="0>1|0"  forcePointRatio="0.5" initialCompression="21" suspTravel="0.21" spring="25" damper="30"/>
                </wheel>
                <wheel filename="Kola/tyl 60 Solec.xml" isLeft="false" hasTireTracks="true" hasParticles="true">
                    <physics rotSpeed="0" restLoad="2.5" repr="0>1|1" forcePointRatio="0.5" initialCompression="21" suspTravel="0.21" spring="25" damper="30"/>
                </wheel>
            </wheels>
				<!--OS 2x4-->
            <objectChange node="1>1" visibilityActive="true" />
            <objectChange node="0>13|0" visibilityActive="true" />   
				<!--OS 4x4-->
            <objectChange node="1>2" visibilityActive="false" />
            <objectChange node="0>13|1" visibilityActive="false" />
            <objectChange node="1>3" visibilityActive="false" />
            <objectChange node="0>13|2" visibilityActive="false" />
			<!--Blotniki R16-->
            <objectChange node="1>1|1|0|0|0|0" visibilityActive="false" />
            <objectChange node="1>1|1|0|0|1|0" visibilityActive="false" />
            <objectChange node="1>1|1|0|0|2|0" visibilityActive="false" />

            <objectChange node="1>1|2|0|0|0|0" visibilityActive="false" />
            <objectChange node="1>1|2|0|0|1|0" visibilityActive="false" />
            <objectChange node="1>1|2|0|0|2|0" visibilityActive="false" />          
			<!--Blotniki R18-->
            <objectChange node="1>1|1|0|0|0|1" visibilityActive="true" />
            <objectChange node="1>1|1|0|0|1|1" visibilityActive="true" />
            <objectChange node="1>1|1|0|0|2|1" visibilityActive="true" />

            <objectChange node="1>1|2|0|0|0|1" visibilityActive="true" />
            <objectChange node="1>1|2|0|0|1|1" visibilityActive="true" />
            <objectChange node="1>1|2|0|0|2|1" visibilityActive="true" />        
        </wheelConfiguration>

        <!-- Kola MafiaSolec -->
	    <wheelConfiguration name="R16 Ala Balon" price="350" brand="OsC355">
            <wheels autoRotateBackSpeed="2.2" differentialIndex="1" ackermannSteeringIndex="1">
		        <wheel filename="Kola/przod 60 Solec.xml" isLeft="true" hasTireTracks="true" hasParticles="true">
                    <physics tipOcclusionAreaGroupId="1" rotSpeed="-1" restLoad="2.5" repr="1>1|1|0" driveNode="1>1|1|0|1|0" forcePointRatio="0.5" initialCompression="50" suspTravel="0.13" spring="28" damper="40"/>
                </wheel>
                <wheel filename="Kola/przod 60 Solec.xml" isLeft="false" hasTireTracks="true" hasParticles="true">
                    <physics tipOcclusionAreaGroupId="1" rotSpeed="-1" restLoad="2.5" repr="1>1|2|0" driveNode="1>1|2|0|1|0" forcePointRatio="0.5" initialCompression="50" suspTravel="0.13" spring="28" damper="40"/>
                </wheel>
				<wheel filename="Kola/tyl 60 Solec.xml" isLeft="true" hasTireTracks="true" hasParticles="true">
                    <physics rotSpeed="0" restLoad="2.5" repr="0>1|0"  forcePointRatio="0.5" initialCompression="21" suspTravel="0.21" spring="25" damper="30"/>
                </wheel>
                <wheel filename="Kola/tyl 60 Solec.xml" isLeft="false" hasTireTracks="true" hasParticles="true">
                    <physics rotSpeed="0" restLoad="2.5" repr="0>1|1" forcePointRatio="0.5" initialCompression="21" suspTravel="0.21" spring="25" damper="30"/>
                </wheel>
            </wheels>
				<!--OS 2x4-->
            <objectChange node="1>1" visibilityActive="true" />
            <objectChange node="0>13|0" visibilityActive="true" />   
				<!--OS 4x4-->
            <objectChange node="1>2" visibilityActive="false" />
            <objectChange node="0>13|1" visibilityActive="false" />
            <objectChange node="1>3" visibilityActive="false" />
            <objectChange node="0>13|2" visibilityActive="false" />
			<!--Blotniki R16-->
            <objectChange node="1>1|1|0|0|0|0" visibilityActive="true" />
            <objectChange node="1>1|1|0|0|1|0" visibilityActive="true" />
            <objectChange node="1>1|1|0|0|2|0" visibilityActive="true" />

            <objectChange node="1>1|2|0|0|0|0" visibilityActive="true" />
            <objectChange node="1>1|2|0|0|1|0" visibilityActive="true" />
            <objectChange node="1>1|2|0|0|2|0" visibilityActive="true" />          
			<!--Blotniki R18-->
            <objectChange node="1>1|1|0|0|0|1" visibilityActive="false" />
            <objectChange node="1>1|1|0|0|1|1" visibilityActive="false" />
            <objectChange node="1>1|1|0|0|2|1" visibilityActive="false" />

            <objectChange node="1>1|2|0|0|0|1" visibilityActive="false" />
            <objectChange node="1>1|2|0|0|1|1" visibilityActive="false" />
            <objectChange node="1>1|2|0|0|2|1" visibilityActive="false" />      
        </wheelConfiguration>

        <!-- Kola Balony -->
	    <wheelConfiguration name="Balony" price="700" brand="OsC355">
            <wheels autoRotateBackSpeed="2.2" differentialIndex="1" ackermannSteeringIndex="1">
		        <wheel filename="Kola/Balony przod.xml" isLeft="true" hasTireTracks="true" hasParticles="true">
                    <physics tipOcclusionAreaGroupId="1" rotSpeed="-1" restLoad="2.5" repr="1>1|1|0" driveNode="1>1|1|0|1|0" forcePointRatio="0.5" initialCompression="50" suspTravel="0.13" spring="28" damper="40"/>
                </wheel>
                <wheel filename="Kola/Balony przod.xml" isLeft="false" hasTireTracks="true" hasParticles="true">
                    <physics tipOcclusionAreaGroupId="1" rotSpeed="-1" restLoad="2.5" repr="1>1|2|0" driveNode="1>1|2|0|1|0" forcePointRatio="0.5" initialCompression="50" suspTravel="0.13" spring="28" damper="40"/>
                </wheel>
				<wheel filename="Kola/tyl 60 Solec.xml" isLeft="true" hasTireTracks="true" hasParticles="true">
                    <physics rotSpeed="0" restLoad="2.5" repr="0>1|0"  forcePointRatio="0.5" initialCompression="21" suspTravel="0.21" spring="25" damper="30"/>
                </wheel>
                <wheel filename="Kola/tyl 60 Solec.xml" isLeft="false" hasTireTracks="true" hasParticles="true">
                    <physics rotSpeed="0" restLoad="2.5" repr="0>1|1" forcePointRatio="0.5" initialCompression="21" suspTravel="0.21" spring="25" damper="30"/>
                </wheel>
            </wheels>
				<!--OS 2x4-->
            <objectChange node="1>1" visibilityActive="true" />
            <objectChange node="0>13|0" visibilityActive="true" />   
				<!--OS 4x4-->
            <objectChange node="1>2" visibilityActive="false" />
            <objectChange node="0>13|1" visibilityActive="false" />
            <objectChange node="1>3" visibilityActive="false" />
            <objectChange node="0>13|2" visibilityActive="false" />
			<!--Blotniki R16-->
            <objectChange node="1>1|1|0|0|0|0" visibilityActive="true" />
            <objectChange node="1>1|1|0|0|1|0" visibilityActive="true" />
            <objectChange node="1>1|1|0|0|2|0" visibilityActive="true" />

            <objectChange node="1>1|2|0|0|0|0" visibilityActive="true" />
            <objectChange node="1>1|2|0|0|1|0" visibilityActive="true" />
            <objectChange node="1>1|2|0|0|2|0" visibilityActive="true" />          
			<!--Blotniki R18-->
            <objectChange node="1>1|1|0|0|0|1" visibilityActive="false" />
            <objectChange node="1>1|1|0|0|1|1" visibilityActive="false" />
            <objectChange node="1>1|1|0|0|2|1" visibilityActive="false" />

            <objectChange node="1>1|2|0|0|0|1" visibilityActive="false" />
            <objectChange node="1>1|2|0|0|1|1" visibilityActive="false" />
            <objectChange node="1>1|2|0|0|2|1" visibilityActive="false" />      
        </wheelConfiguration>

        <!-- NAPED 4x4 -->
	    <wheelConfiguration name="4x4" price="6000" brand="Os4x4">
            <wheels autoRotateBackSpeed="2.2" differentialIndex="2" ackermannSteeringIndex="2">
		        <wheel filename="Kola/4x4.xml" isLeft="true" hasTireTracks="true" hasParticles="true">
                    <physics tipOcclusionAreaGroupId="1" rotSpeed="-1" restLoad="2.5" repr="1>2|2|0" driveNode="1>2|2|0|1|0" forcePointRatio="0.5" initialCompression="50" suspTravel="0.13" spring="28" damper="40"/>
                </wheel>
                <wheel filename="Kola/4x4.xml" isLeft="false" hasTireTracks="true" hasParticles="true">
                    <physics tipOcclusionAreaGroupId="1" rotSpeed="-1" restLoad="2.5" repr="1>2|3|0" driveNode="1>2|3|0|1|0" forcePointRatio="0.5" initialCompression="50" suspTravel="0.13" spring="28" damper="40"/>
                </wheel>
				<wheel filename="Kola/tyl 60 Solec.xml" isLeft="true" hasTireTracks="true" hasParticles="true">
                    <physics rotSpeed="0" restLoad="2.5" repr="0>1|0"  forcePointRatio="0.5" initialCompression="21" suspTravel="0.21" spring="25" damper="30"/>
                </wheel>
                <wheel filename="Kola/tyl 60 Solec.xml" isLeft="false" hasTireTracks="true" hasParticles="true">
                    <physics rotSpeed="0" restLoad="2.5" repr="0>1|1" forcePointRatio="0.5" initialCompression="21" suspTravel="0.21" spring="25" damper="30"/>
                </wheel>
            </wheels>
				<!--OS 2x4-->
            <objectChange node="1>1" visibilityActive="false" />
            <objectChange node="0>13|0" visibilityActive="false" />   
				<!--OS 4x4-->
            <objectChange node="1>2" visibilityActive="true" />
            <objectChange node="0>13|1" visibilityActive="true" />
            <objectChange node="1>3" visibilityActive="false" />
            <objectChange node="0>13|2" visibilityActive="false" />
        </wheelConfiguration>
       </wheelConfigurations>

        <ackermannSteeringConfigurations>
            <ackermannSteering rotSpeed="45" rotMax="40" rotCenterWheel1="3" rotCenterWheel2="4"/>
            <ackermannSteering rotSpeed="45" rotMax="32" rotCenterWheel1="2" rotCenterWheel2="3"/>
        </ackermannSteeringConfigurations>
    </wheels>

	<!--KARDAN-->
	<speedRotatingParts>
        <speedRotatingPart node="1>2|1|0" wheelIndex="1" wheelScale="3"/>	
    </speedRotatingParts>

    <enterable>
        <exitPoint node="0>5"/>
        <enterReferenceNode node="0>"/>

        <cameras>
          <camera node="0>3|1" rotatable="true" limit="true" rotMinX="-1.1" rotMaxX="1" transMin="0" transMax="0" useMirror="true" isInside="true" shadowFocusBox="0>4|4" />
          <camera node="0>3|0|0" rotatable="true" rotateNode="0>3|0" limit="true" useWorldXZRotation="true" rotMinX="-1.4" rotMaxX="1" transMin="4" transMax="40" translation="0 0 5" rotation="-20 180 0"  >
            <raycastNode node="0>3|2"/>
            <raycastNode node="0>3|3"/>
		    <raycastNode node="0>3|4"/>
          </camera>
        </cameras>

        <characterNode node="0>12|0" cameraMinDistance="1.5" spineRotation="-90 0 90">
            <target ikChain="leftFoot"  targetNode="0>9|0|6|0" />        	
            <target ikChain="rightFoot" targetNode="0>9|0|6|1" />
            <target ikChain="leftArm"   targetNode="0>8|0|0" />
            <target ikChain="rightArm"  targetNode="0>12|2" />
        </characterNode>

        <!-- Noga lewa -->
        <characterTargetNodeModifier node="0>9|0|6|0" transitionTime="0.1" >
            <state node="0>9|4|6|1|1" referenceNode="0>9|4|6|1" />
        </characterTargetNodeModifier> 
        <!-- Noga prawa -->
        <characterTargetNodeModifier node="0>9|0|6|1" transitionTime="0.1" >
            <state node="0>9|4|6|2|0" referenceNode="0>9|4|6|2" />
            <state node="0>9|4|6|0|1" referenceNode="0>9|4|6|0" />
        </characterTargetNodeModifier> 
    </enterable>

    <ai>
        <collisionTrigger node="0>4|3"/>
    </ai>

    <honk>
        <sound file="Dzwieki/MF/Klakson MF by PrezesZiaroo.ogg" />
    </honk>

    <lights>
        <!-- Pozycja swiatla -->
        <states>
            <state lightTypes="0" />
            <state lightTypes="0 1" />
            <state lightTypes="0 1 2" />
        </states>

        <!-- Swiatla -->
        <realLights>
        <!-- Krotkie -->
            <low>
            </low>
        <!-- Dlugie -->
            <high>
				<light node="0>11|1|1|0|0"   lightTypes="0"/>
				<light node="0>11|1|1|1|0"   lightTypes="0"/>
 				<light node="0>11|0|1|0|0"   lightTypes="1"/>
 				<light node="0>11|0|1|1|0"   lightTypes="1"/>

                <light node="0>11|2|1|0|0"   lightTypes="0"/>
                <light node="0>11|2|1|1|0"   lightTypes="0"/>

				<light node="0>11|6|0"       lightTypes="0"/>

                <brakeLight                 node="0>11|2|3|0" />
        		<turnLightLeft              node="0>11|1|2|0|0" />
                <turnLightRight             node="0>11|1|2|1|0" />

 				<light node="0>11|3|1|0|0"   lightTypes="2"/>
 				<light node="0>9|1|2|6|1|0"   lightTypes="2"/>
 				<light node="0>9|1|2|6|1|1"   lightTypes="2"/>
 				<light node="0>9|1|2|6|1|2"   lightTypes="2"/>		 				
            </high>
        </realLights>

        <!-- Reflektory -->
        <defaultLights>
            <defaultLight shaderNode="0>11|0|0|0|0"    lightTypes="1 2" />
            <defaultLight shaderNode="0>11|0|0|1|0"    lightTypes="1 2" />     

            <defaultLight shaderNode="0>11|2|0|0|0"    lightTypes="0 1 2" />
            <defaultLight shaderNode="0>11|2|0|1|0"    lightTypes="0 1 2" />

            <defaultLight shaderNode="0>11|2|4|0|0"    lightTypes="0 1 2" />
            <defaultLight shaderNode="0>11|2|4|2|0"    lightTypes="0 1 2" />

            <defaultLight shaderNode="0>11|1|0|0|1|2"  lightTypes="0 1 2" />
            <defaultLight shaderNode="0>11|1|0|1|1|1"  lightTypes="0 1 2" />

            <defaultLight shaderNode="0>11|3|0|1|0"  lightTypes="2" />
            <defaultLight shaderNode="0>9|1|2|6|0|0|0|1"  lightTypes="2" />
            <defaultLight shaderNode="0>9|1|2|6|0|1|0|1"  lightTypes="2" />
            <defaultLight shaderNode="0>9|1|2|6|0|2|0|1"  lightTypes="2" />          
        </defaultLights>

        <!-- Hamulce -->
        <brakeLights>
            <brakeLight shaderNode="0>11|2|0|0|1" />
            <brakeLight shaderNode="0>11|2|0|1|1" />

            <brakeLight shaderNode="0>11|2|4|0|0" />
            <brakeLight shaderNode="0>11|2|4|2|0" />          
        </brakeLights>

        <!-- Kierunki -->
        <turnLights>
            <turnLightLeft shaderNode="0>11|1|0|0|1|0" />
            <turnLightLeft shaderNode="0>11|2|0|0|2" />
            <turnLightRight shaderNode="0>11|1|0|1|1|2" />
            <turnLightRight shaderNode="0>11|2|0|1|2" />

            <turnLightLeft shaderNode="0>11|1|3|0|1" />
            <turnLightLeft shaderNode="0>11|2|4|1|1" />
            <turnLightRight shaderNode="0>11|1|3|1|1" />
            <turnLightRight shaderNode="0>11|2|4|3|1" />
        </turnLights>

        <!-- Kogut -->
		<beaconLights>
            <beaconLight node="0>11|7|0|0" filename="$data/shared/assets/beaconLights/lizard/beaconLight02.xml"/>
        </beaconLights>

        <sounds>
            <switchLight template="SWITCH_01" linkNode="0>" />
            <turnLight template="SWITCH_TURNLIGHT" linkNode="0>" />
        </sounds>

        <dashboards>
        <!-- Kontrolka swiatlo -->
            <dashboard displayType="EMITTER" valueType="lightState" node="0>11|5|0" baseColor="BLACK" emitColor="LIGHT_GREEN" intensity="50" lightTypes="1" groups="MOTOR_ACTIVE"/>
            <dashboard displayType="EMITTER" valueType="turnLightLeft" node="0>11|5|1" baseColor="BLACK" emitColor="GREEN" intensity="50" groups="MOTOR_ACTIVE"/>
            <dashboard displayType="EMITTER" valueType="turnLightRight" node="0>11|5|2" baseColor="BLACK" emitColor="GREEN" intensity="50" groups="MOTOR_ACTIVE"/>
        </dashboards>
    </lights>

   <attachable>
        <airConsumer usage="1200"/> 
    </attachable>

    <attacherJoints comboDuration="2">
       <attacherJoint node="0>6|0|0|0|0" upperRotationOffset="0.76" moveTime="2.5" comboTime="1">
            <distanceToGround lower="0.30" upper="1.1" />
            <rotationNode node="0>6|0|0" upperRotation="26 0 0" lowerRotation="-13 0 0"/>
            <rotationNode2 node="0>6|0|0|0"/>
            <bottomArm rotationNode="0>6|0|1" translationNode="0>6|0|1|0" referenceNode="0>6|0|1|0|0|0" zScale="-1" startRotation="-10 0 0"/>
            <topArm baseNode="0>6|0|2|0|0" filename="I3D/Sruba MF by PrezesZiaroo.i3d" zScale="-1" />
            <schema position="1 0" rotation="0" invertX="false"/>

        </attacherJoint>

    <!-- Zaczep przod -->
        <attacherJoint node="0>6|1|2|0" jointType="trailer" lowerRotLimit="10 40 50" comboTime="1" allowsJointLimitMovement="false">
            <schema position="1 0" rotation="0" invertX="true" />
        </attacherJoint>

    <!-- Zaczep tyl gora -->
        <attacherJoint node="0>6|1|0|1" jointType="trailer" lowerRotLimit="10 70 50" upperRotRotationOffset="0" allowsJointLimitMovement="false" comboTime="1">
            <schema position="1 0" rotation="0" invertX="false" />
        </attacherJoint>

    <!-- Zaczep tyl dol -->
        <attacherJoint node="0>6|1|1|1|0" jointType="trailerLow" lowerRotLimit="10 40 50" comboTime="1" allowsJointLimitMovement="false">
            <schema position="1 0" rotation="0" invertX="false"/>
        </attacherJoint>

    <!-- Zaczep TUR -->

	<attacherJointConfigurations title="Maska">
        <attacherJointConfiguration name="Bez maski" price="0">
    <!-- Maska -->
            <objectChange node="0>9|0|1" visibilityActive="false" />  
    <!-- Lampy 40stka-->
            <objectChange node="0>9|0|0|10" visibilityActive="false" />      
    <!-- swiatla 40stka-->
            <objectChange node="0>11|0" visibilityActive="false" />  

        </attacherJointConfiguration>
        <attacherJointConfiguration name="Maska C-4011" price="200">
    <!-- Maska -->
            <objectChange node="0>9|0|1" visibilityActive="true" />  
    <!-- Lampy 40stka-->
            <objectChange node="0>9|0|0|10" visibilityActive="false" />      
    <!-- swiatla 40stka-->
            <objectChange node="0>11|0" visibilityActive="false" />  

        </attacherJointConfiguration>
        <attacherJointConfiguration name="Maska + lampy 40" price="270">
    <!-- Maska -->
            <objectChange node="0>9|0|1" visibilityActive="true" />  
    <!-- Lampy 40stka-->
            <objectChange node="0>9|0|0|10" visibilityActive="true" />      
    <!-- swiatla 40stka-->
            <objectChange node="0>11|0" visibilityActive="true" />  

        </attacherJointConfiguration>
    </attacherJointConfigurations>

        <sounds>
            <attach file="Dzwieki/Zaczep MF by PrezesZiaroo.ogg">
                <pitch outdoor="1"/>
            </attach>
            <hydraulic template="DEFAULT_HYDRAULIC_SOUND" linkNode="0>" />
        </sounds>
    </attacherJoints>

    <frontloaderConfigurations>
        <frontloaderConfiguration name="Bez konsol" price="0" >
    <!-- Tur 2 -->        	
            <objectChange node="0>6|5|1" visibilityActive="false" />
    <!-- Tur 3 -->        	
            <objectChange node="0>6|5|2" visibilityActive="false" />
    <!-- Rama -->        	
            <objectChange node="0>6|5|3" visibilityActive="false" />
    <!-- Weze -->           
            <objectChange node="0>6|5|4" visibilityActive="false" />
        </frontloaderConfiguration>
        <frontloaderConfiguration name="Konsola Tur 1" price="700" >
            <attacherJoint node="0>6|5|0" jointType="attachableFrontloader" lowerTransLimit="0 0 0" lowerRotLimit="0 0 0" moveTime="2" >
                <schema position="1 0" rotation="0" invertX="true" />
            </attacherJoint>
    <!-- Tur 2 -->          
            <objectChange node="0>6|5|1" visibilityActive="true" />
    <!-- Tur 3 -->          
            <objectChange node="0>6|5|2" visibilityActive="false" />
    <!-- Rama -->           
            <objectChange node="0>6|5|3" visibilityActive="false" />
    <!-- Weze -->           
            <objectChange node="0>6|5|4" visibilityActive="false" />
        </frontloaderConfiguration>
        <frontloaderConfiguration name="Konsola Tur 1 + Rama" price="750" >
            <attacherJoint node="0>6|5|0" jointType="attachableFrontloader" lowerTransLimit="0 0 0" lowerRotLimit="0 0 0" moveTime="2" >
                <schema position="1 0" rotation="0" invertX="true" />
            </attacherJoint>
    <!-- Tur 2 -->          
            <objectChange node="0>6|5|1" visibilityActive="true" />
    <!-- Tur 3 -->          
            <objectChange node="0>6|5|2" visibilityActive="false" />
    <!-- Rama -->           
            <objectChange node="0>6|5|3" visibilityActive="true" />
    <!-- Weze -->           
            <objectChange node="0>6|5|4" visibilityActive="false" />
    <!-- Bolecc -->         
            <objectChange node="0>9|0|4|3" visibilityActive="false" />
        </frontloaderConfiguration>  
        <frontloaderConfiguration name="Konsola Tur 2" price="800" >
            <attacherJoint node="0>6|5|0" jointType="attachableFrontloader" lowerTransLimit="0 0 0" lowerRotLimit="0 0 0" moveTime="2" >
                <schema position="1 0" rotation="0" invertX="true" />
            </attacherJoint>
    <!-- Tur 2 -->        	
            <objectChange node="0>6|5|1" visibilityActive="true" />
    <!-- Tur 3 -->        	
            <objectChange node="0>6|5|2" visibilityActive="false" />
    <!-- Rama -->        	
            <objectChange node="0>6|5|3" visibilityActive="false" />
    <!-- Weze -->           
            <objectChange node="0>6|5|4" visibilityActive="true" />
    <!-- Ustawienie wezy -->
            <objectChange node="0>6|5|4" translationActive="0.018 -0.077 -0.062" /> 
        </frontloaderConfiguration>
        <frontloaderConfiguration name="Konsola Tur 2 + Rama" price="850" >
            <attacherJoint node="0>6|5|0" jointType="attachableFrontloader" lowerTransLimit="0 0 0" lowerRotLimit="0 0 0" moveTime="2" >
                <schema position="1 0" rotation="0" invertX="true" />
            </attacherJoint>
    <!-- Tur 2 -->        	
            <objectChange node="0>6|5|1" visibilityActive="true" />
    <!-- Tur 3 -->        	
            <objectChange node="0>6|5|2" visibilityActive="false" />
    <!-- Rama -->        	
            <objectChange node="0>6|5|3" visibilityActive="true" />
    <!-- Bolecc -->        	
            <objectChange node="0>9|0|4|3" visibilityActive="false" />
    <!-- Weze -->           
            <objectChange node="0>6|5|4" visibilityActive="true" />
    <!-- Ustawienie wezy -->
            <objectChange node="0>6|5|4" translationActive="0.018 -0.077 -0.062" /> 
        </frontloaderConfiguration>    
        <frontloaderConfiguration name="Konsola Tur 3" price="950" >
            <attacherJoint node="0>6|5|0" jointType="attachableFrontloader" lowerTransLimit="0 0 0" lowerRotLimit="0 0 0" moveTime="2" >
                <schema position="1 0" rotation="0" invertX="true" />
            </attacherJoint>
    <!-- Tur 2 -->        	
            <objectChange node="0>6|5|1" visibilityActive="false" />
    <!-- Tur 3 -->        	
            <objectChange node="0>6|5|2" visibilityActive="true" />
    <!-- Rama -->        	
            <objectChange node="0>6|5|3" visibilityActive="false" />
    <!-- Weze -->           
            <objectChange node="0>6|5|4" visibilityActive="true" />
    <!-- Zaczep Ladowacza -->
            <objectChange node="0>6|5|0" translationActive="0.01 1.505 0.374" />
        </frontloaderConfiguration>
        <frontloaderConfiguration name="Konsola Tur 3 + Rama" price="1000" >
            <attacherJoint node="0>6|5|0" jointType="attachableFrontloader" lowerTransLimit="0 0 0" lowerRotLimit="0 0 0" moveTime="2" >
                <schema position="1 0" rotation="0" invertX="true" />
            </attacherJoint>
    <!-- Tur 2 -->        	
            <objectChange node="0>6|5|1" visibilityActive="false" />
    <!-- Tur 3 -->        	
            <objectChange node="0>6|5|2" visibilityActive="true" />
    <!-- Rama -->        	
            <objectChange node="0>6|5|3" visibilityActive="true" />
    <!-- Weze -->           
            <objectChange node="0>6|5|4" visibilityActive="true" />
    <!-- Zaczep Ladowacza -->
            <objectChange node="0>6|5|0" translationActive="0.01 1.505 0.374" />
    <!-- Bolecc -->        	
            <objectChange node="0>9|0|4|3" visibilityActive="false" />
        </frontloaderConfiguration>
    </frontloaderConfigurations>

    <powerTakeOffs>
        <powerTakeOffConfigurations title="Kabiny">
            <powerTakeOffConfiguration name="Bez kabiny" price="0" vehicleType="3PrezesZiaroo">
        <output attacherJointIndices="1 2 3" outputNode="0>6|2|0" />
            <!-- Wycieraczka -->
                <objectChange node="0>9|4|15"        visibilityActive="false"/>
            <!-- Zawieszka -->
                <objectChange node="2>1"        visibilityActive="false"/>
            <!-- Koguut -->
                <objectChange node="0>11|7"        visibilityActive="false"/>

            <!-- Kabina Puszka -->
                <objectChange node="0>9|1|0"        visibilityActive="false"/>        
            <!-- Kabina Puszka Orurowanie -->
                <objectChange node="0>9|1|1"        visibilityActive="false"/>  

            <!-- Kabina Naglak -->
                <objectChange node="0>9|1|2"        visibilityActive="false"/>  
            <!-- Ruchome drzwi Naglak -->
                <objectChange node="5>1|0"        visibilityActive="false"/> 
                <objectChange node="6>1|0"        visibilityActive="false"/> 
            </powerTakeOffConfiguration>
            <powerTakeOffConfiguration name="Kabina Puszka" price="1100" vehicleType="3PrezesZiaroo">
        <output attacherJointIndices="1 2 3" outputNode="0>6|2|0" />
            <!-- Wycieraczka -->
                <objectChange node="0>9|4|15"        visibilityActive="true"/>
            <!-- Zawieszka -->
                <objectChange node="2>1"        visibilityActive="true"/>
            <!-- Koguut -->
                <objectChange node="0>11|7"        visibilityActive="true"/>
            <!-- Kogut ustawienie -->
            <objectChange node="0>11|7|0" translationActive="0.634 2.167 -1.271"/> 

            <!-- Kabina Puszka -->
                <objectChange node="0>9|1|0"        visibilityActive="true"/>
            <!-- Kabina Puszka Orurowanie -->
                <objectChange node="0>9|1|1"        visibilityActive="false"/>    

            <!-- Kabina Naglak -->
                <objectChange node="0>9|1|2"        visibilityActive="false"/> 
            <!-- Ruchome drzwi Naglak -->
                <objectChange node="5>1|0"        visibilityActive="false"/> 
                <objectChange node="6>1|0"        visibilityActive="false"/> 
            </powerTakeOffConfiguration>
            <powerTakeOffConfiguration name="Kabina Puszka Orurowanie" price="1500" vehicleType="3PrezesZiaroo">
        <output attacherJointIndices="1 2 3" outputNode="0>6|2|0" />
            <!-- Wycieraczka -->
                <objectChange node="0>9|4|15"        visibilityActive="true"/>
            <!-- Zawieszka -->
                <objectChange node="2>1"        visibilityActive="true"/>
            <!-- Koguut -->
                <objectChange node="0>11|7"        visibilityActive="false"/>

            <!-- Kabina Puszka -->
                <objectChange node="0>9|1|0"        visibilityActive="true"/>
            <!-- Puszka Wspornik -->
                <objectChange node="0>9|1|0|0|2"        visibilityActive="false"/>   
            <!-- Kabina Puszka Orurowanie -->
                <objectChange node="0>9|1|1"        visibilityActive="true"/>    

            <!-- Kabina Naglak -->
                <objectChange node="0>9|1|2"        visibilityActive="false"/>  
            <!-- Ruchome drzwi Naglak -->
                <objectChange node="5>1|0"        visibilityActive="false"/> 
                <objectChange node="6>1|0"        visibilityActive="false"/> 
            </powerTakeOffConfiguration>
            
            <powerTakeOffConfiguration name="Kabina Naglak" price="3500" vehicleType="3PrezesZiaroo">
        <output attacherJointIndices="1 2 3" outputNode="0>6|2|0" />
            <!-- Wycieraczka -->
                <objectChange node="0>9|4|15"        visibilityActive="false"/>
            <!-- Zawieszka -->
                <objectChange node="2>1"        visibilityActive="false"/>
            <!-- Koguut -->
                <objectChange node="0>11|7"        visibilityActive="true"/>
            <!-- Kogut ustawienie -->
            <objectChange node="0>11|7|0" translationActive="0.634 2.281 -1.271"/> 

            <!-- Kabina Puszka -->
                <objectChange node="0>9|1|0"        visibilityActive="false"/>        
            <!-- Kabina Puszka Orurowanie -->
                <objectChange node="0>9|1|1"        visibilityActive="false"/>  

            <!-- Kabina Naglak -->
                <objectChange node="0>9|1|2"        visibilityActive="true"/>  
            <!-- Ruchome drzwi Naglak -->
                <objectChange node="5>1|0"        visibilityActive="true"/> 
                <objectChange node="6>1|0"        visibilityActive="true"/> 
            </powerTakeOffConfiguration>

        </powerTakeOffConfigurations>
    </powerTakeOffs>

    <motorized>
        <consumerConfigurations>
            <consumerConfiguration>
                <consumer fillUnitIndex="1" usage="58"  fillType="diesel" />  <!-- usage is per hour at max load and max rpm -->
                <consumer fillUnitIndex="2" usage="25" fillType="air" permanentConsumption="false" refillLitersPerSecond="25" refillCapacityPercentage="0.5" /> <!-- usage per second at full brake power -->
            </consumerConfiguration>
        </consumerConfigurations>

        <differentialConfigurations>
            <differentialConfiguration>
                <differentials>
                    <differential torqueRatio="0.5" maxSpeedRatio="1.3" wheelIndex1="3" wheelIndex2="4"/> <!-- tyl lewy prawy -->
                </differentials>
            </differentialConfiguration>
            <differentialConfiguration>
                <differentials>
                    <differential torqueRatio="0.5" maxSpeedRatio="1.2" wheelIndex1="1" wheelIndex2="2" /> <!-- przod lewy prawy -->
                    <differential torqueRatio="0.5" maxSpeedRatio="1.3" wheelIndex1="3" wheelIndex2="4" /> <!-- tyl lewy prawy -->
                    <differential torqueRatio="0.5" maxSpeedRatio="1.1" differentialIndex1="1" differentialIndex2="2" /> <!-- tyl lewy prawy -->
                </differentials>
            </differentialConfiguration>
        </differentialConfigurations>

        <motorConfigurations title="Silnik">
        	<!-- MF 235 -->
            <motorConfiguration name="C-4011" price="0" hp="42">
                <motor torqueScale="0.237" minRpm="850" maxRpm="2100" maxForwardSpeed="28" maxBackwardSpeed="12" brakeForce="2" lowBrakeForceScale="0.22">
                    <torque normRpm="0.45" torque="0.9"/>
                    <torque normRpm="0.5" torque="0.97"/>
                    <torque normRpm="0.59" torque="1"/>
                    <torque normRpm="0.72" torque="1"/>
                    <torque normRpm="0.86" torque="0.88"/>
                    <torque normRpm="1" torque="0.72"/>
                </motor>
                <transmission minForwardGearRatio="28" maxForwardGearRatio="300" minBackwardGearRatio="74" maxBackwardGearRatio="300" />
    <!-- Wydech -->        	
            <objectChange node="0>9|0|0|6" visibilityActive="true"/>
    <!-- Turbo -->        	
            <objectChange node="0>9|0|0|7" visibilityActive="false"/>
    <!-- Swiatla c4011 -->        	
            <objectChange node="0>9|0|2|7" visibilityActive="true"/>
            <objectChange node="0>11|1|3" visibilityActive="true"/>
            <objectChange node="0>11|2|4" visibilityActive="true"/>
    <!-- Swiatla c355 -->        	
            <objectChange node="0>9|0|2|8" visibilityActive="false"/>
            <objectChange node="0>11|1|0" visibilityActive="false"/>
            <objectChange node="0>11|2|0" visibilityActive="false"/>
            <objectChange node="0>11|1|1" visibilityActive="false"/>       
            </motorConfiguration> 

            <motorConfiguration name="C-355" price="1500" hp="45">
                <motor torqueScale="0.237" minRpm="850" maxRpm="2100" maxForwardSpeed="28" maxBackwardSpeed="12" brakeForce="2" lowBrakeForceScale="0.22">
                    <torque normRpm="0.45" torque="0.9"/>
                    <torque normRpm="0.5" torque="0.97"/>
                    <torque normRpm="0.59" torque="1"/>
                    <torque normRpm="0.72" torque="1"/>
                    <torque normRpm="0.86" torque="0.88"/>
                    <torque normRpm="1" torque="0.72"/>
                </motor>
                <transmission minForwardGearRatio="28" maxForwardGearRatio="300" minBackwardGearRatio="74" maxBackwardGearRatio="300" />
    <!-- Wydech -->        	
            <objectChange node="0>9|0|0|6" visibilityActive="true"/>
    <!-- Turbo -->        	
            <objectChange node="0>9|0|0|7" visibilityActive="false"/>
    <!-- Swiatla c4011 -->        	
             <objectChange node="0>9|0|2|7" visibilityActive="false"/>
            <objectChange node="0>11|1|3" visibilityActive="false"/>
            <objectChange node="0>11|2|4" visibilityActive="false"/>
    <!-- Swiatla c355 -->        	
            <objectChange node="0>9|0|2|8" visibilityActive="true"/>
            <objectChange node="0>11|1|0" visibilityActive="true"/>
            <objectChange node="0>11|2|0" visibilityActive="true"/>
            <objectChange node="0>11|1|1" visibilityActive="true"/>  
            </motorConfiguration> 
        	<!-- MF 255 -->
            <motorConfiguration name="C-4011 TURBO" price="2500" hp="59">
                <motor torqueScale="0.237" minRpm="850" maxRpm="2300" maxForwardSpeed="33" maxBackwardSpeed="15" brakeForce="2" lowBrakeForceScale="0.22">
                    <torque normRpm="0.45" torque="0.9"/>
                    <torque normRpm="0.5" torque="0.97"/>
                    <torque normRpm="0.59" torque="1"/>
                    <torque normRpm="0.72" torque="1"/>
                    <torque normRpm="0.86" torque="0.88"/>
                    <torque normRpm="1" torque="0.72"/>
                </motor>
                <transmission minForwardGearRatio="28" maxForwardGearRatio="300" minBackwardGearRatio="74" maxBackwardGearRatio="300" />
    <!-- Wydech -->        	
            <objectChange node="0>9|0|0|6" visibilityActive="false"/>
    <!-- Turbo -->        	
            <objectChange node="0>9|0|0|7" visibilityActive="true"/>
            <!-- Ustawienie tlumik -->
            <objectChange node="0>9|8" translationActive="0.356 1.283 -0.02"/> 
            <!-- Ustawienie kupek xd -->
            <objectChange node="0>9|8|6" translationActive="0 0.14 0"/> 
    <!-- Swiatla c4011 -->        	
            <objectChange node="0>9|0|2|7" visibilityActive="true"/>
            <objectChange node="0>11|1|3" visibilityActive="true"/>
            <objectChange node="0>11|2|4" visibilityActive="true"/>
    <!-- Swiatla c355 -->        	
            <objectChange node="0>9|0|2|8" visibilityActive="false"/>
            <objectChange node="0>11|1|0" visibilityActive="false"/>
            <objectChange node="0>11|2|0" visibilityActive="false"/>
            <objectChange node="0>11|1|1" visibilityActive="false"/>       
            </motorConfiguration> 
            <!-- MF 255 -->
            <motorConfiguration name="C355 TURBO" price="4000" hp="62">
                <motor torqueScale="0.237" minRpm="850" maxRpm="2300" maxForwardSpeed="33" maxBackwardSpeed="15" brakeForce="2" lowBrakeForceScale="0.22">
                    <torque normRpm="0.45" torque="0.9"/>
                    <torque normRpm="0.5" torque="0.97"/>
                    <torque normRpm="0.59" torque="1"/>
                    <torque normRpm="0.72" torque="1"/>
                    <torque normRpm="0.86" torque="0.88"/>
                    <torque normRpm="1" torque="0.72"/>
                </motor>
                <transmission minForwardGearRatio="28" maxForwardGearRatio="300" minBackwardGearRatio="74" maxBackwardGearRatio="300" />
    <!-- Wydech -->        	
            <objectChange node="0>9|0|0|6" visibilityActive="false"/>
    <!-- Turbo -->        	
            <objectChange node="0>9|0|0|7" visibilityActive="true"/>
            <!-- Ustawienie tlumik -->
            <objectChange node="0>9|8" translationActive="0.356 1.283 -0.02"/> 
            <!-- Ustawienie kupek xd -->
            <objectChange node="0>9|8|6" translationActive="0 0.14 0"/> 
    <!-- Swiatla c4011 -->        	
            <objectChange node="0>9|0|2|7" visibilityActive="false"/>
            <objectChange node="0>11|1|3" visibilityActive="false"/>
            <objectChange node="0>11|2|4" visibilityActive="false"/>
    <!-- Swiatla c355 -->        	
            <objectChange node="0>9|0|2|8" visibilityActive="true"/>
            <objectChange node="0>11|1|0" visibilityActive="true"/>
            <objectChange node="0>11|2|0" visibilityActive="true"/>
            <objectChange node="0>11|1|1" visibilityActive="true" /> 
            </motorConfiguration>      
        </motorConfigurations>

        <exhaustEffects>
            <exhaustEffect node="0>9|8|0" filename="$data/particleSystems/shared/exhaust.i3d" minRpmColor="0.9 0.9 0.9 0.1" maxRpmColor="0.05 0.05 0.05 5" minRpmScale="0.05" maxRpmScale="0.5" xzRotationsOffset="0 0" xzRotationsForward="100 0" xzRotationsBackward="50 0" xzRotationsLeft="-20 -150" xzRotationsRight="-20 150"/>
        </exhaustEffects>

        <exhaustFlap node="0>9|8" maxRot="0.5"/>

        <motorStartDuration>2900</motorStartDuration>

        <sounds externalSoundFile="Dzwieki/MF dzwieki by PrezesZiaroo.xml" />

        <animationNodes>
        	<!-- WOM -->
            <animationNode node="0>9|4|5|1|0"   rotAxis="3" rotSpeed="300" turnOnFadeTime="4" turnOffFadeTime="2"/>
            <!-- Wentylator silnik -->
            <animationNode node="0>9|4|0|2|0" rotAxis="3" rotSpeed="900" turnOnFadeTime="4" turnOffFadeTime="2"/>
            <!-- Alternator silnik -->
            <animationNode node="0>9|4|0|1|0" rotAxis="1" rotSpeed="900" turnOnFadeTime="4" turnOffFadeTime="2"/>
            <!-- Sprezarka silnik -->
            <animationNode node="0>9|4|0|0|0|0" rotAxis="3" rotSpeed="900" turnOnFadeTime="4" turnOffFadeTime="2"/>
            <!-- Pasek 1 -->
            <animationNode node="0>9|4|0|3" class="ScrollingAnimation" scrollSpeed="6" scrollLength="1" shaderParameterName="offsetUV" shaderParameterComponent="1" toggleVisibility="true" turnOnFadeTime="4" turnOffFadeTime="5"/>
            <!-- Pasek 2 -->

        </animationNodes>

        <dashboards>
            <!-- RPM -->
            <dashboard displayType="ANIMATION" valueType="rpm"              animName="RPM"          minValueAnim="0"   maxValueAnim="2200"  groups="MOTOR_ACTIVE"/>
            <!-- Temperatura -->
            <dashboard displayType="ANIMATION" valueType="motorTemperature" animName="Temperatura"  minValueAnim="20"  maxValueAnim="120"   groups="MOTOR_ACTIVE"/>
            <!-- Mamometr -->

        </dashboards>
    </motorized>

    <drivable>
        <sounds>
            <waterSplash template="WATER_SPLASH_01" />
        </sounds>

        <steeringWheel node="0>8|0" indoorRotation="540" outdoorRotation="40"/>

        <dashboards>
            <!-- Gaz nozny -->
            <dashboard displayType="ROT" valueType="accelerationAxis" node="0>9|4|6|2"    minRot="0 0 0"  maxRot="-20 0 0"    doInterpolation="true" groups="MOTOR_ACTIVE"/>
            <!-- Sprzeglo -->
			<dashboard displayType="ROT" valueType="decelerationAxis" node="0>9|4|6|1"    minRot="0 0 0"  maxRot="25 0 0"   doInterpolation="true" groups="MOTOR_ACTIVE"/>
            <!-- Hamulec nozny -->
            <dashboard displayType="ROT" valueType="decelerationAxis" node="0>9|4|6|0"    minRot="0 0 0"  maxRot="20 0 0"   doInterpolation="true" groups="MOTOR_ACTIVE"/>
            <!-- Bieg 4 -->
            <dashboard displayType="ROT" valueType="movingDirection"  node="0>9|4|9|0"    minRot="2 0 0" maxRot="0 25 0"   doInterpolation="true" interpolationSpeed="0.01" groups="MOTOR_ACTIVE"/>
            <!-- Bieg R -->
            <dashboard displayType="ROT" valueType="movingDirection"  node="0>9|4|9|0|0"  minRot="0 -25 -20" maxRot="2 0 0"   doInterpolation="true" interpolationSpeed="0.01" groups="MOTOR_ACTIVE"/>
            <!-- Reduktor -->
            <dashboard displayType="ROT" valueType="movingDirection"  node="0>9|4|4"  minRot="90 90 90" maxRot="90 65 90"   doInterpolation="false" groups="MOTOR_STARTING"/>
        </dashboards>
    </drivable>

    <!-- Ruchoma kamera 
    <suspensions>
        <suspension node="   index siedzenia   "        weight="150" minTranslation="0 -0.02 0" maxTranslation="0 0.015 0" suspensionParametersX="20 4" suspensionParametersY="5 1" suspensionParametersZ="20 4" />
        <suspension useCharacterTorso="true" weight="100"  minRotation="0 -10 0"     maxRotation="0 10 0"       suspensionParametersY="10 1"  suspensionParametersZ="10 1" />
    </suspensions>-->

    <cylindered>
        <movingTools>
        <!-- Caly podnosnik tyl -->
        <movingTool node="0>6|0|1">
            <dependentPart node="0>6|0|3"/>
        </movingTool>
        <!-- Drzwi lewe -->
        <movingTool node="0>9|1|0|1|0" playSound="false">
            <controls axis="AXIS_FRONTLOADER_ARM" invertAxis="true" mouseSpeedFactor="1" iconName="CRANE_ARM2_ROTATE_X" />
             <animation animName="AnimDlewe" animSpeed="10" />          
        </movingTool>
        <!-- Drzwi prawe -->
        <movingTool node="0>9|1|0|2|0" playSound="false" >
            <controls axis="AXIS_FRONTLOADER_ARM2" invertAxis="true" mouseSpeedFactor="1" iconName="CRANE_ARM2_TRANSLATE" />        	
            <animation animName="AnimDprawe" animSpeed="10" /> 
        </movingTool>
        <!-- Szyba tyl -->
        <movingTool node="0>9|1|2|4|0">
            <controls axis="AXIS_CRANE_TOOL2" invertAxis="true" mouseSpeedFactor="1" />        	
             <animation animName="AnimSzybaTyl" animSpeed="1" />
        </movingTool>
        <!-- Dach -->
        <movingTool node="0>9|1|0|3|0">
            <controls axis="AXIS_CRANE_TOOL" invertAxis="true" mouseSpeedFactor="1" />
            <animation animName="AnimDach" animSpeed="1" />
        </movingTool>
        <!-- Maska -->
        <movingTool node="0>9|0|1|0" playSound="false">
            <controls axis="AXIS_FRONTLOADER_TOOL2" invertAxis="true" mouseSpeedFactor="1" iconName="TOOL_OPEN_CLOSE" />
            <rotation rotSpeed="1000" rotAcceleration="200" rotMax="55" rotMin="0" startRot="0" />	
        </movingTool>
        <!-- Klapa -->
        <movingTool node="0>9|0|2|4|1" playSound="false" >
            <controls axis="AXIS_FRONTLOADER_TOOL" invertAxis="true" mouseSpeedFactor="1" iconName="CRANE_ARM2_ROTATE_TOOL" />
            <animation animName="AnimKlapa" animSpeed="1" />
        </movingTool>
        </movingTools>

        <movingParts>
        <!-- Caly podnosnik tyl -->
        <movingPart node="0>6|0|3"          referencePoint="0>6|0|1|0|1" localReferencePoint="0>6|0|3|0|1" referenceFrame="0>">
            <dependentPart node="0>6|0|3|0|1"/>
            <dependentPart node="0>6|0|4|0" />
            <dependentPart node="0>6|1|1|0|0|0" />
            <dependentPart node="0>6|1|1|0|0|1" />
            <dependentPart node="0>6|0|4|1|0" />
            <dependentPart node="0>6|0|4|2|0" />
        </movingPart>
        <!-- Lewy wspornik podnosnik tyl -->
        <movingPart node="0>6|1|1|0|0|0"   referencePoint="0>6|0|3|0|2|0"    referenceFrame="0>6|0|3|0|2|0" />
        <!-- Prawy wspornik podnosnik tyl -->
        <movingPart node="0>6|1|1|0|0|1"   referencePoint="0>6|0|3|0|2|1"    referenceFrame="0>6|0|3|0|2|1" />
        <!-- Lancuchy ciegno tyl -->
        <movingPart node="0>6|0|4|0"       referencePoint="0>6|0|1|0|2"      referenceFrame="0>6|0|1|0" invertZ="true" scaleZ="true" />
        <!-- Ramiona podnosnik tyl -->
        <movingPart node="0>6|0|3|0|1"     referencePoint="0>6|0|1|0|1"      referenceFrame="0>6|0|1|0|1"/>
        <!-- Lancuch lewy ciegno tyl -->
        <movingPart node="0>6|0|4|1|0"     referencePoint="0>6|0|1|0|3"      referenceFrame="0>6|0|1|0|3" scaleZ="true" />
        <!-- Lancuch prawy ciegno tyl -->
        <movingPart node="0>6|0|4|2|0"     referencePoint="0>6|0|1|0|4"      referenceFrame="0>6|0|1|0|4" scaleZ="true" />
        <!-- Drazek lewy -->
        <movingPart node="0>13|0|0|0|0" referencePoint="1>1|1|0|2|0" localReferencePoint="0>13|0|0|0|0|0" referenceFrame="0>13|0|0|0|0" isActiveDirty="true" playSound="false">
            <dependentPart node="0>13|0|0|0|0|0"/>
        </movingPart>
        <movingPart node="0>13|0|0|0|0|0" referencePoint="1>1|1|0|2|0" referenceFrame="0>" isActiveDirty="true" scaleZ="true" playSound="false">
        </movingPart>
        <!-- Drazek 4x4 -->
        <movingPart node="1>2|3|0|2|0" referencePoint="1>2|2|0|2" referenceFrame="0>" scaleZ="true" isActiveDirty="true" playSound="false"/>
        <!-- Drazek wspomaganie -->
        <movingPart node="1>1|1|0|4|0"   referencePoint="1>1|2|0|2"    referenceFrame="0>" scaleZ="true" isActiveDirty="true" playSound="false"/>
        <!-- Tlok szyba -->
        <movingPart node="0>9|1|2|0|3"   referencePoint="0>9|1|2|4|0|3"    referenceFrame="0>" scaleZ="false" isActiveDirty="true" playSound="false"/>
        <!-- Cylinder szyba -->
        <movingPart node="0>9|1|2|4|0|2"   referencePoint="0>9|1|2|0|4"    referenceFrame="0>" scaleZ="false" isActiveDirty="true" playSound="false"/>
        <!-- Wspomaganie 4x4 -->
        <movingPart node="0>13|1|1" referencePoint="1>2|2|0|3" referenceFrame="1>2|2|0|3" isActiveDirty="true">
            <translatingPart node="0>13|1|1|0"/>
        </movingPart>
        <!-- Drazek lewy -->
        <movingPart node="0>13|2|0|0|0" referencePoint="1>3|1|0|2|0" localReferencePoint="0>13|2|0|0|0|0" referenceFrame="0>13|2|0|0|0" isActiveDirty="true" playSound="false">
            <dependentPart node="0>13|2|0|0|0|0"/>
        </movingPart>
        <movingPart node="0>13|2|0|0|0|0" referencePoint="1>3|1|0|2|0" referenceFrame="0>" isActiveDirty="true" scaleZ="true" playSound="false">
        </movingPart>
        <!-- Drazek prawy -->
        <movingPart node="0>13|2|0|1|0" referencePoint="1>3|2|0|2|0" localReferencePoint="0>13|2|0|1|0|0" referenceFrame="0>13|2|0|1|0" isActiveDirty="true" playSound="false">
            <dependentPart node="0>13|2|0|1|0|0"/>
        </movingPart>
        <movingPart node="0>13|2|0|1|0|0" referencePoint="1>3|2|0|2|0" referenceFrame="0>" isActiveDirty="true" scaleZ="true" playSound="false">
        </movingPart>

        </movingParts>

        <dashboards>
        </dashboards>
        <sounds>
            <hydraulic template="DEFAULT_HYDRAULIC_SOUND" />
        </sounds>
    </cylindered>

    <!-- Wycieraczka 
	<wipers>
        <wiper animName="WycieraczkaAnim" >
            <state animSpeed="0.75" animPause="2.0" />
            <state animSpeed="0.75" animPause="0.0" />
            <state animSpeed="1.10" animPause="0.0" />
        </wiper>
    </wipers>-->

    <fillUnit>
        <fillUnitConfigurations>
            <fillUnitConfiguration>
                <fillUnits>	
                    <fillUnit unit="$l10n_unit_literShort" showOnHud="false" showInShop="false" fillTypes="diesel" capacity="58" >	
                        <dashboard displayType="ANIMATION" valueType="fillLevel" animName="Bak" groups="MOTOR_ACTIVE"/>
                    </fillUnit>
                    <fillUnit unit="$l10n_unit_literShort" showOnHud="false" showInShop="false" fillTypes="air" capacity="25" >
                        <dashboard displayType="ANIMATION" valueType="fillLevel" animName="Mamometr" groups="MOTOR_ACTIVE"/>
                    </fillUnit>			
                </fillUnits>
            </fillUnitConfiguration>
        </fillUnitConfigurations>
    </fillUnit>

    <dashboard>
        <groups>
            <group name="MOTOR_STARTING" isMotorStarting="true"/>
            <group name="MOTOR_ACTIVE"   isMotorStarting="true" isMotorRunning="true"/>
        </groups>

        <default>
            <dashboard displayType="VISIBILITY" node="0>11|5|3"  groups="MOTOR_STARTING" />
        </default>
    </dashboard>

    <connectionHoses>
    	<target attacherJointIndices="1 2 3" type="electric"      node="0>6|4|0"   socket="electric"/>
        <target attacherJointIndices="1 2 3" type="hydraulicIn"   node="0>6|3|0" />
        <target attacherJointIndices="1 2 3" type="hydraulicOut"  node="0>6|3|1" />

        <!-- Weze Tur -->
        <target attacherJointIndices="5" type="hydraulicIn" node="0>6|5|4|0|0"/>       
        <target attacherJointIndices="5" type="hydraulicIn" node="0>6|5|4|0|1"/>
        <target attacherJointIndices="5" type="hydraulicIn" node="0>6|5|4|0|2"/>       
        <target attacherJointIndices="5" type="hydraulicIn" node="0>6|5|4|0|3"/>
    </connectionHoses>

    <foliageBending>
        <bendingNode minX="-1.00" maxX="1.00" minZ="-1.75" maxZ="1.55" yOffset="0.48" />
    </foliageBending>

    <washable dirtDuration="90" washDuration="1" workMultiplier="3" fieldMultiplier="2"/>


    <!------------------------------------------------------------------ Konfiguracje ------------------------------------------------------------------------------------>

    <!-- bolec chujem Ci wjezdza! -->
    <designConfigurations title="Zaczep przod">
        <designConfiguration name="Bez niczego">
    <!-- zaczep -->
				<objectChange node="0>9|0|0|2"        visibilityActive="false"/>
				<objectChange node="0>9|0|4|3|0"        visibilityActive="false"/>
    <!-- obc -->
				<objectChange node="0>9|0|0|3"        visibilityActive="false"/>
    <!-- zaczep -->
				<objectChange node="0>9|0|0|9"        visibilityActive="false"/>	
        </designConfiguration>
        <designConfiguration name="Zaczep C-4011">
    <!-- zaczep -->
				<objectChange node="0>9|0|0|2"        visibilityActive="false"/>
				<objectChange node="0>9|0|4|3|0"        visibilityActive="false"/>
    <!-- obc -->
				<objectChange node="0>9|0|0|3"        visibilityActive="false"/>
    <!-- zaczep -->
				<objectChange node="0>9|0|0|9"        visibilityActive="true"/>	
    <!-- Ustawienie dymu -->
                <objectChange node="0>6|1|2" translationActive="0.002 0.589 1.529" />
        </designConfiguration>

        <designConfiguration name="Zaczep C-355">
    <!-- zaczep -->
				<objectChange node="0>9|0|0|2"        visibilityActive="true"/>
				<objectChange node="0>9|0|4|3|0"        visibilityActive="true"/>
    <!-- obc -->
				<objectChange node="0>9|0|0|3"        visibilityActive="false"/>
    <!-- zaczep -->
				<objectChange node="0>9|0|0|9"        visibilityActive="false"/>	
        </designConfiguration>
        <designConfiguration name="Zaczep C-355 + obc">
    <!-- zaczep -->
				<objectChange node="0>9|0|0|2"        visibilityActive="true"/>
				<objectChange node="0>9|0|4|3|0"        visibilityActive="true"/>
    <!-- obc -->
				<objectChange node="0>9|0|0|3"        visibilityActive="true"/>
    <!-- zaczep -->
				<objectChange node="0>9|0|0|9"        visibilityActive="false"/>	
        </designConfiguration>
    </designConfigurations>	

	 <vehicleTypeConfigurations title="Obciazniki">
        <vehicleTypeConfiguration name="Bez obciaznikow" price="0" vehicleType="3PrezesZiaroo">
    <!-- Obc 1 Solec -->
            <objectChange node="0>1|0|2|0" visibilityActive="false" />				
            <objectChange node="0>1|1|2|0" visibilityActive="false" />
    <!-- Obc 2 60tka -->
            <objectChange node="0>1|0|2|1" visibilityActive="false" />
            <objectChange node="0>1|1|2|1" visibilityActive="false" />
    <!-- Obc 3 55tka -->
            <objectChange node="0>1|0|2|2" visibilityActive="false" />
            <objectChange node="0>1|1|2|2" visibilityActive="false" />
    <!-- Obc 4 40tka -->
            <objectChange node="0>1|0|2|3" visibilityActive="false" />
            <objectChange node="0>1|1|2|3" visibilityActive="false" />
        </vehicleTypeConfiguration>
        <vehicleTypeConfiguration name="1 60tka" price="400" vehicleType="3PrezesZiaroo">
    <!-- Obc 1 Solec -->
            <objectChange node="0>1|0|2|0" visibilityActive="true" />				
            <objectChange node="0>1|1|2|0" visibilityActive="true" />
    <!-- Obc 2 60tka -->
            <objectChange node="0>1|0|2|1" visibilityActive="false" />
            <objectChange node="0>1|1|2|1" visibilityActive="false" />
    <!-- Obc 3 55tka -->
            <objectChange node="0>1|0|2|2" visibilityActive="false" />
            <objectChange node="0>1|1|2|2" visibilityActive="false" />
    <!-- Obc 4 40tka -->
            <objectChange node="0>1|0|2|3" visibilityActive="false" />
            <objectChange node="0>1|1|2|3" visibilityActive="false" />
        </vehicleTypeConfiguration>
        <vehicleTypeConfiguration name="2 60tka bez OBC" price="350" vehicleType="3PrezesZiaroo">
    <!-- Obc 1 Solec -->
            <objectChange node="0>1|0|2|0" visibilityActive="false" />				
            <objectChange node="0>1|1|2|0" visibilityActive="false" />
    <!-- Obc 2 60tka -->
            <objectChange node="0>1|0|2|1" visibilityActive="true" />
            <objectChange node="0>1|1|2|1" visibilityActive="true" />
    <!-- Obc 3 55tka -->
            <objectChange node="0>1|0|2|2" visibilityActive="false" />
            <objectChange node="0>1|1|2|2" visibilityActive="false" />
    <!-- Obc 4 40tka -->
            <objectChange node="0>1|0|2|3" visibilityActive="false" />
            <objectChange node="0>1|1|2|3" visibilityActive="false" />
        </vehicleTypeConfiguration>
        <vehicleTypeConfiguration name="3 55tka" price="300" vehicleType="3PrezesZiaroo">
    <!-- Obc 1 Solec -->
            <objectChange node="0>1|0|2|0" visibilityActive="false" />				
            <objectChange node="0>1|1|2|0" visibilityActive="false" />
    <!-- Obc 2 60tka -->
            <objectChange node="0>1|0|2|1" visibilityActive="false" />
            <objectChange node="0>1|1|2|1" visibilityActive="false" />
    <!-- Obc 3 55tka -->
            <objectChange node="0>1|0|2|2" visibilityActive="true" />
            <objectChange node="0>1|1|2|2" visibilityActive="true" />
    <!-- Obc 4 40tka -->
            <objectChange node="0>1|0|2|3" visibilityActive="false" />
            <objectChange node="0>1|1|2|3" visibilityActive="false" />
        </vehicleTypeConfiguration>
        <vehicleTypeConfiguration name="4 40tka" price="250" vehicleType="3PrezesZiaroo">
    <!-- Obc 1 Solec -->
            <objectChange node="0>1|0|2|0" visibilityActive="false" />				
            <objectChange node="0>1|1|2|0" visibilityActive="false" />
    <!-- Obc 2 60tka -->
            <objectChange node="0>1|0|2|1" visibilityActive="false" />
            <objectChange node="0>1|1|2|1" visibilityActive="false" />
    <!-- Obc 3 55tka -->
            <objectChange node="0>1|0|2|2" visibilityActive="false" />
            <objectChange node="0>1|1|2|2" visibilityActive="false" />
    <!-- Obc 4 40tka -->
            <objectChange node="0>1|0|2|3" visibilityActive="true" />
            <objectChange node="0>1|1|2|3" visibilityActive="true" />
        </vehicleTypeConfiguration>
    </vehicleTypeConfigurations>

    <cover>
        <coverConfigurations title="Tlumiki">
            <coverConfiguration name="Bez" price="0" >
    <!-- Ustawienie dymu -->
                <objectChange node="0>9|8|0" translationActive="0 -0.03 0" />
    <!-- 55tka -->
                <objectChange node="0>9|8|1" visibilityActive="false" />
    <!-- 60tka 1 -->
                <objectChange node="0>9|8|2" visibilityActive="false" />
    <!-- 60tka 2 -->
                <objectChange node="0>9|8|3" visibilityActive="false" />
    <!-- 60tka 3 -->
                <objectChange node="0>9|8|4" visibilityActive="false" />
    <!-- 40tka 4 -->
                <objectChange node="0>9|8|5" visibilityActive="false" />  
    <!-- Ustawienie kubka -->
                <objectChange node="0>9|8|6" translationActive="0 0.035 0" />    
            </coverConfiguration>
            <coverConfiguration name="40stka 1" price="70" >
    <!-- Ustawienie dymu -->
                <objectChange node="0>9|8|0" translationActive="0 0.944 0" />
    <!-- 55tka -->
                <objectChange node="0>9|8|1" visibilityActive="false" />
    <!-- 60tka 1 -->
                <objectChange node="0>9|8|2" visibilityActive="fals" />
    <!-- 60tka 2 -->
                <objectChange node="0>9|8|3" visibilityActive="false" />
    <!-- 60tka 3 -->
                <objectChange node="0>9|8|4" visibilityActive="false" />
    <!-- 40tka 4 -->
                <objectChange node="0>9|8|5" visibilityActive="true" /> 
    <!-- Ustawienie kubka -->
                <objectChange node="0>9|8|6" translationActive="0 0.95 0" /> 
            </coverConfiguration>
            <coverConfiguration name="55tka 1" price="70" >
    <!-- Ustawienie dymu -->
                <objectChange node="0>9|8|0" translationActive="0 0.944 0" />
    <!-- 55tka -->
                <objectChange node="0>9|8|1" visibilityActive="true" />
    <!-- 60tka 1 -->
                <objectChange node="0>9|8|2" visibilityActive="fals" />
    <!-- 60tka 2 -->
                <objectChange node="0>9|8|3" visibilityActive="false" />
    <!-- 60tka 3 -->
                <objectChange node="0>9|8|4" visibilityActive="false" />
    <!-- 40tka 4 -->
                <objectChange node="0>9|8|5" visibilityActive="false" />  
    <!-- Ustawienie kubka -->
                <objectChange node="0>9|8|6" translationActive="0 0.95 0" /> 
            </coverConfiguration>
            <coverConfiguration name="60tka 1" price="85" >
    <!-- Ustawienie dymu -->
                <objectChange node="0>9|8|0" translationActive="0 0.95 0" />
    <!-- 55tka -->
                <objectChange node="0>9|8|1" visibilityActive="false" />
    <!-- 60tka 1 -->
                <objectChange node="0>9|8|2" visibilityActive="true" />
    <!-- 60tka 2 -->
                <objectChange node="0>9|8|3" visibilityActive="false" />
    <!-- 60tka 3 -->
                <objectChange node="0>9|8|4" visibilityActive="false" />
    <!-- 40tka 4 -->
                <objectChange node="0>9|8|5" visibilityActive="false" />  
    <!-- Ustawienie kubka -->
                <objectChange node="0>9|8|6" translationActive="0 0.955 0" /> 
            </coverConfiguration>
            <coverConfiguration name="60tka 2" price="100" >
    <!-- Ustawienie dymu -->
                <objectChange node="0>9|8|0" translationActive="0 1.117 0" />
    <!-- 55tka -->
                <objectChange node="0>9|8|1" visibilityActive="false" />
    <!-- 60tka 1 -->
                <objectChange node="0>9|8|2" visibilityActive="false" />
    <!-- 60tka 2 -->
                <objectChange node="0>9|8|3" visibilityActive="true" />
    <!-- 60tka 3 -->
                <objectChange node="0>9|8|4" visibilityActive="false" />
    <!-- 40tka 4 -->
                <objectChange node="0>9|8|5" visibilityActive="false" />  
    <!-- Ustawienie kubka -->
                <objectChange node="0>9|8|6" translationActive="0 1.125 0" /> 
            </coverConfiguration>
            <coverConfiguration name="60tka 3" price="120" >
    <!-- Ustawienie dymu -->
                <objectChange node="0>9|8|0" translationActive="0.062 1.103 0" />
                <objectChange node="0>9|8|0"   rotationActive="0 0 -65" />
    <!-- 55tka -->
                <objectChange node="0>9|8|1" visibilityActive="false" />
    <!-- 60tka 1 -->
                <objectChange node="0>9|8|2" visibilityActive="false" />
    <!-- 60tka 2 -->
                <objectChange node="0>9|8|3" visibilityActive="false" />
    <!-- 60tka 3 -->
                <objectChange node="0>9|8|4" visibilityActive="true" />
    <!-- 40tka 4 -->
                <objectChange node="0>9|8|5" visibilityActive="false" />
    <!-- Ustawienie kubka -->
                <objectChange node="0>9|8|6" translationActive="0.07 1.136 0" /> 
                <objectChange node="0>9|8|6"   rotationActive="0 0 -20" />
            </coverConfiguration>
        </coverConfigurations>
    </cover>    

	<tensionBelts>
        <tensionBeltsConfigurations title="Blotniki">
           <tensionBeltsConfiguration name="Bez blotnikow" price="0" vehicleType="3PrezesZiaroo">
    <!-- Metalowe -->
                <objectChange node="1>1|1|0|0|1" visibilityActive="false" />
                <objectChange node="1>1|2|0|0|1" visibilityActive="false" />
                <objectChange node="1>2|2|0|0|1" visibilityActive="false" />
                <objectChange node="1>2|3|0|0|1" visibilityActive="false" />
                    <objectChange node="1>3|1|0|0|1" visibilityActive="false" />   
                    <objectChange node="1>3|2|0|0|1" visibilityActive="false" />                   
    <!-- Metalowe Solec -->
                <objectChange node="1>1|1|0|0|0" visibilityActive="false" />
                <objectChange node="1>1|2|0|0|0" visibilityActive="false" />
                <objectChange node="1>2|2|0|0|2" visibilityActive="false" />
                <objectChange node="1>2|3|0|0|2" visibilityActive="false" />
                    <objectChange node="1>3|1|0|0|0" visibilityActive="false" />   
                    <objectChange node="1>3|2|0|0|0" visibilityActive="false" />  
    <!-- Plastikowe -->
                <objectChange node="1>1|1|0|0|2" visibilityActive="false" />
                <objectChange node="1>1|2|0|0|2" visibilityActive="false" />
                <objectChange node="1>2|2|0|0|0" visibilityActive="false" />
                <objectChange node="1>2|3|0|0|0" visibilityActive="false" />
                    <objectChange node="1>3|1|0|0|2" visibilityActive="false" />   
                    <objectChange node="1>3|2|0|0|2" visibilityActive="false" />           
           </tensionBeltsConfiguration>
           <tensionBeltsConfiguration name="Blotniki metalowe" price="50" vehicleType="3PrezesZiaroo">
    <!-- Metalowe -->
                <objectChange node="1>1|1|0|0|1" visibilityActive="true" />
                <objectChange node="1>1|2|0|0|1" visibilityActive="true" />
                <objectChange node="1>2|2|0|0|1" visibilityActive="true" />
                <objectChange node="1>2|3|0|0|1" visibilityActive="true" />
                    <objectChange node="1>3|1|0|0|1" visibilityActive="true" />   
                    <objectChange node="1>3|2|0|0|1" visibilityActive="true" />
    <!-- Metalowe Solec -->
                <objectChange node="1>1|1|0|0|0" visibilityActive="false" />
                <objectChange node="1>1|2|0|0|0" visibilityActive="false" />
                <objectChange node="1>2|2|0|0|2" visibilityActive="false" />
                <objectChange node="1>2|3|0|0|2" visibilityActive="false" />
                    <objectChange node="1>3|1|0|0|0" visibilityActive="false" />   
                    <objectChange node="1>3|2|0|0|0" visibilityActive="false" />  
    <!-- Plastikowe -->
                <objectChange node="1>1|1|0|0|2" visibilityActive="false" />
                <objectChange node="1>1|2|0|0|2" visibilityActive="false" />
                <objectChange node="1>2|2|0|0|0" visibilityActive="false" />
                <objectChange node="1>2|3|0|0|0" visibilityActive="false" />
                    <objectChange node="1>3|1|0|0|2" visibilityActive="false" />   
                    <objectChange node="1>3|2|0|0|2" visibilityActive="false" />  
           </tensionBeltsConfiguration>
           <tensionBeltsConfiguration name="Blotniki Metalowe 2" price="50" vehicleType="3PrezesZiaroo">
    <!-- Metalowe -->
                <objectChange node="1>1|1|0|0|1" visibilityActive="false" />
                <objectChange node="1>1|2|0|0|1" visibilityActive="false" />
                <objectChange node="1>2|2|0|0|1" visibilityActive="false" />
                <objectChange node="1>2|3|0|0|1" visibilityActive="false" />
                    <objectChange node="1>3|1|0|0|1" visibilityActive="false" />   
                    <objectChange node="1>3|2|0|0|1" visibilityActive="false" />  
    <!-- Metalowe Solec -->
                <objectChange node="1>1|1|0|0|0" visibilityActive="true" />
                <objectChange node="1>1|2|0|0|0" visibilityActive="true" />
                <objectChange node="1>2|2|0|0|2" visibilityActive="true" />
                <objectChange node="1>2|3|0|0|2" visibilityActive="true" />
                    <objectChange node="1>3|1|0|0|0" visibilityActive="true" />   
                    <objectChange node="1>3|2|0|0|0" visibilityActive="true" />  
    <!-- Plastikowe -->
                <objectChange node="1>1|1|0|0|2" visibilityActive="false" />
                <objectChange node="1>1|2|0|0|2" visibilityActive="false" />
                <objectChange node="1>2|2|0|0|0" visibilityActive="false" />
                <objectChange node="1>2|3|0|0|0" visibilityActive="false" />
                    <objectChange node="1>3|1|0|0|2" visibilityActive="false" />   
                    <objectChange node="1>3|2|0|0|2" visibilityActive="false" /> 
           </tensionBeltsConfiguration>
           <tensionBeltsConfiguration name="Blotniki Plastikowe" price="50" vehicleType="3PrezesZiaroo">
    <!-- Metalowe -->
                <objectChange node="1>1|1|0|0|1" visibilityActive="false" />
                <objectChange node="1>1|2|0|0|1" visibilityActive="false" />
                <objectChange node="1>2|2|0|0|1" visibilityActive="false" />
                <objectChange node="1>2|3|0|0|1" visibilityActive="false" />
                    <objectChange node="1>3|1|0|0|1" visibilityActive="false" />   
                    <objectChange node="1>3|2|0|0|1" visibilityActive="false" /> 
    <!-- Metalowe Solec -->
                <objectChange node="1>1|1|0|0|0" visibilityActive="false" />
                <objectChange node="1>1|2|0|0|0" visibilityActive="false" />
                <objectChange node="1>2|2|0|0|2" visibilityActive="false" />
                <objectChange node="1>2|3|0|0|2" visibilityActive="false" />
                    <objectChange node="1>3|1|0|0|0" visibilityActive="false" />   
                    <objectChange node="1>3|2|0|0|0" visibilityActive="false" />  
    <!-- Plastikowe -->
                <objectChange node="1>1|1|0|0|2" visibilityActive="true" />
                <objectChange node="1>1|2|0|0|2" visibilityActive="true" />
                <objectChange node="1>2|2|0|0|0" visibilityActive="true" />
                <objectChange node="1>2|3|0|0|0" visibilityActive="true" />
                    <objectChange node="1>3|1|0|0|2" visibilityActive="true" />   
                    <objectChange node="1>3|2|0|0|2" visibilityActive="true" /> 
           </tensionBeltsConfiguration>
        </tensionBeltsConfigurations>
    </tensionBelts>


    <!------------------------------------------------------------------ Skrypty ------------------------------------------------------------------------------------>

    <!-- IC Components -->
    <interactiveComponents>
        <windows>

        </windows> 
    </interactiveComponents>

    <animations>
        <!-- Animacje -->
        <animation name="RPM">
            <!--Tempomat 1-->
            <part node="0>9|4|2|0|0"          startTime="0.0"   endTime="1.0"     startRot="0 0 0"     endRot="0 -45 0"/>
            <!--Tempomat 2-->
            <part node="0>9|4|2|0|0"          startTime="1.0"   endTime="2.0"     startRot="0 -46 0"    endRot="0 -75 0"/>
            <!--Tempomat 3-->
            <part node="0>9|4|2|0|0"          startTime="2.0"   endTime="3.0"     startRot="0 -76 0"   endRot="0 -105 0"/>
            <!--Tempomat 4-->
            <part node="0>9|4|2|0|0"          startTime="3.0"   endTime="4.0"     startRot="0 -106 0"   endRot="0 -134 0"/>
            <!--Tempomat 5-->
            <part node="0>9|4|2|0|0"          startTime="4.0"   endTime="5.0"     startRot="0 -135 0"   endRot="0 -160 0"/>

            <!-- Kubecekk -->
            <part node="0>9|8|6|0"          startTime="0.0"   endTime="0.01" startScale="1 1 1"    endScale="0 0 0" /> 
            <!-- Gaz reczny -->
            <part node="0>9|4|8|0|0"          startTime="0.0"   endTime="0.01"     startRot="0 0 0"     endRot="0 -16 0"/>

        </animation>
		<animation name="Temperatura">
          <part node="0>9|4|2|3|0"            startTime="0.0"   endTime="1.0"     startRot="0 0 0"     endRot="0 -75 0"/>
		</animation>
		 <animation name="Bak">
            <part node="0>9|4|2|1|0"          startTime="0.0"   endTime="1.0"     startRot="0 0 0"     endRot="0 -75 0"/>
        </animation>
        <animation name="Mamometr">
            <part node="0>9|4|2|2|0"          startTime="0.0"   endTime="1.0"     startRot="0 0 0"     endRot="0 -260 0"/>
        </animation>      
        <!-- Kabina -->
        <!-- Drzwi lewe -->
        <animation name="AnimDlewe">
            <!-- Puszka -->
            <part node="0>9|1|0|1|0"    startTime="0"     endTime="10.0" startTrans="0 0 0"    endTrans="0 0 -0.6" /> 
            <!-- Naglak -->
            <part node="0>9|1|2|1|0"    startTime="0"     endTime="0.01" startScale="1 1 1"    endScale="0 0 0" />  
            <part node="5>1"            startTime="0"     endTime="0.01" startScale="0 0 0"    endScale="1 1 1" />   
        </animation>
        <!-- Drzwi prawe -->
        <animation name="AnimDprawe">
            <!-- Puszka -->
            <part node="0>9|1|0|2|0"    startTime="0"     endTime="1.0" startTrans="0 0 0"    endTrans="0 0 -0.6" /> 
            <!-- Naglak -->
            <part node="0>9|1|2|2|0"    startTime="0"     endTime="0.01" startScale="1 1 1"    endScale="0 0 0" />  
            <part node="6>1"            startTime="0"     endTime="0.01" startScale="0 0 0"    endScale="1 1 1" />        
        </animation>
        <!-- Szyba tyl -->
        <animation name="AnimSzybaTyl">
            <part node="0>9|1|2|4|0"    startTime="0"     endTime="1.0" startRot="0 0 0"   endRot="70 0 0" />
        </animation>
        <!-- Dach -->
        <animation name="AnimDach">
            <!-- Puszka -->
            <part node="0>9|1|0|3|0"  startTime="0" endTime="1.0" startRot="0 0 0"   endRot="-9.3 0 0" />
            <!-- Naglak -->
            <part node="0>9|1|2|3|1"  startTime="0" endTime="0.01" startRot="5 0 0"   endRot="180 0 0" />
            <part node="0>9|1|2|3|0"  startTime="0" endTime="0.01" startRot="0 0 0"   endRot="-8.5 0 0" />
            <part node="0>9|1|2|3|0|1" startTime="0" endTime="0.01" startRot="0 0 0"   endRot="-27 0 0" />
        </animation>
        <!-- Klapa boczna -->
        <animation name="AnimKlapa">
            <part node="0>9|0|2|4|1"    startTime="0"     endTime="1.0" startRot="0 0 0"   endRot="-118 0 0" />
            <part node="0>9|0|2|4|1"    startTime="0"     endTime="1.0" startScale="1 1 1"   endScale="1 1 0.8" />        
        </animation>
        <!-- Wycieraczka -->

        <!-- Panel IC -->

    </animations>


    <!------------------------------------------------------------------ Malowanie ------------------------------------------------------------------------------------>




    <!-- i3d Mappings -->
    <i3dMappings>
    </i3dMappings>
</vehicle>