﻿<?xml version="1.0" encoding="utf-8" standalone="no"?>
<modDesc descVersion="90">
    <author>PrezesZiaroo Marcello1942</author>
    <version>1.0.0.0</version>
    <title>
        <pl>URSUS C-4011 by PrezesZiaroo</pl>
        <en>URSUS C-4011 by PrezesZiaroo</en>
        <de>URSUS C-4011 by PrezesZiaroo</de>
    </title>
    <description>
        <pl>Zapraszam na moj kanal -> YouTube/PrezesZiaroo</pl>
        <en>I invite you to my channel -> YouTube/PrezesZiaroo</en>
        <de>Ich lade Sie zu meinem Kanal ein -> YouTube/PrezesZiaroo</de>
    </description>
    <iconFilename>Store/Store40tka.dds</iconFilename>
    <multiplayer supported="true"/>

    <vehicleTypes>
		<type name="3PrezesZiaroo" parent="tractor" className="Vehicle" filename="$dataS/scripts/vehicles/Vehicle.lua">
			<specialization name="cover" />	
			<specialization name="tensionBelts" />
		</type>			
    </vehicleTypes>	

    <storeItems>
        <storeItem rootNode="vehicle" xmlFilename="40stka by PrezesZiaroo.xml"/>
    </storeItems>
	<brands>
        <brand name="URSUS" title="Ursus" image="Brands/brand_URSUS.dds"/>
		<brand name="OsC4011" title="Os od C-4011" image="Brands/brand_URSUS.dds"/>
        <brand name="OsC355" title="Os od C-355" image="Brands/brand_URSUS.dds"/>
        <brand name="Os4x4" title="Naped" image="Brands/brand_URSUS.dds"/>
    </brands>
</modDesc>
