<?xml version="1.0" encoding="utf-8" standalone="no"?>
<modDesc descVersion="93">
    <author>FSSA Modding Team</author>
    <version>1.0.0.0</version>
    <title>
        <en>Trailer Axle Blocker</en>
        <de>Drehschemel Sperre</de>
        <ru>Блокировщик Тележки Прицепа</ru>
        <uk>Блокувальник Візка Причіпа</uk>
    </title>

    <contributors>
        - Northern_Strike - (Scripts)
        - Loki_79         - (Multiplayer fix, Scripts)
        - Ifko[nator]     - (Register Specialization, Scripts)
        - GtX             - (Scripts)
        - MAC             - (Idea, Graphics)
    </contributors>

<description>
<en><![CDATA[
This mod makes it possible to block the turntable of a trailer.
This mod applies to trailers from the "Trailers" category.

Standard Input Keys:
Block/Unblock = "[" Square bracket left
]]></en>
<de><![CDATA[
Dieser Mod ermöglicht es den Drehschemel eines Anhängers zu blockieren.
Dieser Mod funktioniert nur mit Anhängern aus der Kategorie „Anhänger“.

Standardsteuerung:
Blockieren / Entsperren = "[" Eckige Klammer links
]]></de>
<ru><![CDATA[
Данный мод позволяет блокировать поворотную тележку прицепа.

Стандартные Клавиши:
Заблокировать/Разблокировать = ["[" / "Левая Скобка"]
]]></ru>
<uk>
<![CDATA[
Даний мод дозволяє блокувати поворотний візок причіпа.

Стандартні Клавіші:
Заблокувати/Розблокувати = ["[" / "Ліва дужка"]
]]></uk>
    </description>

    <iconFilename>icon_trailerJointBlock.dds</iconFilename>
    <multiplayer supported="true"/>

    <extraSourceFiles>
        <sourceFile filename="RegisterSpecialization.lua"/>
    </extraSourceFiles>

    <l10n>
        <text name="input_TRAILER_BLOCK_FRONT_JOINT">
            <en>Block / Unblock</en>
            <de>Blockieren / Entsperren</de>
            <ru>Заблокировать/Разблокировать</ru>
            <uk>Заблокувати/Розблокувати</uk>
        </text>

        <text name="action_TRAILER_BLOCK_FRONT_JOINT">
            <en>Block trailer</en>
            <de>Drehschemel sperren</de>
            <ru>Заблокировать тележку</ru>
            <uk>Заблокувати візок</uk>
        </text>

        <text name="action_TRAILER_UNBLOCK_FRONT_JOINT">
            <en>Unblock trailer</en>
            <de>Drehschemel entsperren</de>
            <ru>Разблокировать тележку</ru>
            <uk>розблокувати візок</uk>
        </text>

        <text name="warning_INVALID_TRAILER_POSITION">
            <en>Trailer must be straight to activate!</en>
            <de>Bitte den Anhänger zuerst gerade ziehen!</de>
            <ru>Выровняйте прицеп!</ru>
            <uk>Вирівняйте причіп!</uk>
        </text>
    </l10n>

    <actions>
        <action name="TRAILER_BLOCK_FRONT_JOINT" category="VEHICLE"/>
    </actions>

    <inputBinding>
        <actionBinding action="TRAILER_BLOCK_FRONT_JOINT">
            <binding device="KB_MOUSE_DEFAULT" input="KEY_leftbracket" axisComponent="+" neutralInput="0" index="1"/>
        </actionBinding>
    </inputBinding>

    <registerSpecializations>
        <registerSpecialization name="trailerJointBlock" className="TrailerJointBlock" filename="TrailerJointBlock.lua" searchedSpecializations="trailer"/>
    </registerSpecializations>
</modDesc>