﻿<?xml version="1.0" encoding="utf-8" standalone="no" ?>
<modDesc descVersion="92">
    <author>MA7Studio</author>
    <version>1.0.0.0</version>
    <title>
            <en>Straw Storage</en>
            <de>Strohschuppen</de>
            <fr>Hangar Paille</fr>
    </title>
<description>
        <en>
<![CDATA[
Metal shed for storing straw or agricultural equipment. It offers a covered surface of 210m². In addition, its base is made of concrete which allows grain to be poured temporarily.
Category: Placeables - Buildings - Silos
Price: $22,000
Monthly upkeep: $32
]]></en>
        <de>
<![CDATA[
Metallschuppen zur Lagerung von Stroh oder landwirtschaftlichen Geräten. Es bietet eine überdachte Fläche von 210m². Darüber hinaus besteht der Sockel aus Beton, sodass vorübergehend Getreide gegossen werden kann.
Kategorie: Platzierbare Objekte - Gebäude - Silos
Preis: 22.000€
Monatliche Instandhaltung: 32€
]]></de>
<fr><![CDATA[
Hangar métallique pour le stockage de la paille ou de matériels agricoles. Il offre une surface couverte de 210m². En outre, son soubassement est en béton ce qui permet de verser du grain temporairement.
Catégorie : Placeables - Bâtiments - Silos
Prix : 22.000€
Entretien mensuel : 32€

]]></fr>
</description>
    <iconFilename>icon_Straw_Storage.png</iconFilename>
    <multiplayer supported="true" />

    <storeItems>
        <storeItem xmlFilename="Straw_Storage.xml"/>
    </storeItems>
    
    <l10n>
        <text name="name">
            <en>Straw Storage</en>
            <de>Strohschuppen</de>
            <fr>Hangar Paille</fr>
        </text>
        <text name="description">
            <en>Metal shed for storing straw or agricultural equipment. It offers a covered area of 210 m². In addition, its base is concrete, which allows grain to be poured temporarily.</en>
            <de>Metallschuppen zur Lagerung von Stroh oder landwirtschaftlichen Geräten. Es bietet eine überdachte Fläche von 210 m². Darüber hinaus besteht die Basis aus Beton, wodurch das Getreide vorübergehend gegossen werden kann.</de>
            <fr>Hangar métallique pour le stockage de la paille ou de matériels agricoles. Il offre une surface couverte de 210m². En outre, son soubassement est en béton ce qui permet de verser du grain temporairement.</fr>
        </text> 
        <text name="On">
            <en>Turn lights on or off</en>
            <de>Schalten Sie das Licht ein oder aus</de>
            <fr>Allumer ou éteindre les lumières</fr>
        </text>
    </l10n>
</modDesc>
