<?xml version="1.0" encoding="utf-8" standalone="no" ?>
<placeable type="objectStorage" xmlns:xsi="http://www.w3.org/2001/XMLSchema-instance" xsi:noNamespaceSchemaLocation="../../../../shared/xml/schema/placeable.xsd">
    <storeData>
        <name>$l10n_name</name>
        <image>store_Straw_Storage.png</image>
        <price>22000</price>
        <functions>
            <function>$l10n_function_objectStorage</function>
        </functions>
        <lifetime>1000</lifetime>
        <canBeSold>true</canBeSold>
        <dailyUpkeep>32</dailyUpkeep>
        <rotation>0</rotation>
        <brand>LIZARD</brand>
        <species>placeable</species>
        <category>storages</category>
        <brush>
            <type>placeable</type>
            <category>buildings</category>
            <tab>silos</tab>
        </brush>
        <vertexBufferMemoryUsage>674560</vertexBufferMemoryUsage>
        <indexBufferMemoryUsage>107520</indexBufferMemoryUsage>
        <textureMemoryUsage>2883584</textureMemoryUsage>
        <audioMemoryUsage>0</audioMemoryUsage>
        <instanceVertexBufferMemoryUsage>0</instanceVertexBufferMemoryUsage>
        <instanceIndexBufferMemoryUsage>0</instanceIndexBufferMemoryUsage>
    </storeData>

    <base>
        <filename>Straw_Storage.i3d</filename>
        <canBeRenamed>true</canBeRenamed>
        <boughtWithFarmland>true</boughtWithFarmland>
    </base>
    
    <placement useRandomYRotation="false" useManualYRotation="true" >
        <testAreas>
            <testArea startNode="testArea1Start" endNode="testArea1End" />
        </testAreas>
        <sounds>
            <place template="medImp" />
        </sounds>
    </placement>

    <clearAreas>
        <clearArea startNode="clearArea1Start" widthNode="clearArea1Width" heightNode="clearArea1Height"/>
    </clearAreas>

    <leveling requireLeveling="true" maxSmoothDistance="10" maxSlope="75" maxEdgeAngle="30">
        <levelAreas>
            <levelArea startNode="levelArea1Start" widthNode="levelArea1Width" heightNode="levelArea1Height" groundType="asphalt"/>
        </levelAreas>
    </leveling>

    <indoorAreas>
        <indoorArea startNode="indoorArea1Start" widthNode="indoorArea1Width" heightNode="indoorArea1Height" />
    </indoorAreas>

    <animatedObjects>
        <animatedObject saveId="light" >
            <animation duration="0.1">
                <part node="0>8|0">
                    <keyFrame time="0.0" visibility="false"/>
                    <keyFrame time="1.0" visibility="true"/>
                </part>
            </animation>
            <controls triggerNode="0>8|1" posAction="ACTIVATE_HANDTOOL" posText="On" negText="On" />
        </animatedObject>
    </animatedObjects>

    <ai>
        <updateAreas>
            <updateArea startNode="tipOcclusionUpdateArea1Start" endNode="tipOcclusionUpdateArea1End" />
        </updateAreas>
    </ai>

    <tipOcclusionUpdateAreas>
        <tipOcclusionUpdateArea startNode="tipOcclusionUpdateArea1Start" endNode="tipOcclusionUpdateArea1End" />
    </tipOcclusionUpdateAreas>

    <triggerMarkers>
        <triggerMarker node="warningStripes" />
        <triggerMarker node="playerTriggerMarker" filename="$data/shared/assets/marker/markerIconLoad.i3d"/>
        <triggerMarker node="objectTriggerMarker" filename="$data/shared/assets/marker/markerIconUnload.i3d"/>
    </triggerMarkers>

    <hotspots>
        <hotspot type="LOADING" teleportNode="teleportNode" />
    </hotspots>

    <infoTrigger triggerNode="infoTrigger"/>

    <objectStorage supportsBales="true" supportsPallets="true" maxLength="10" maxWidth="17" maxHeight="7" capacity="450">
        <playerTrigger node="playerTrigger" />
        <objectTrigger node="objectTrigger" />
        <spawnAreas>
            <spawnArea startNode="spawnArea1Start" endNode="spawnArea1End"/>
        </spawnAreas>
        <storageAreas>
            <storageArea startNode="storageArea1Start" endNode="storageArea1End" maxHeight="7"/>
        </storageAreas>
    </objectStorage>

    <pointOfInterest>
        <point triggerNode="objectTrigger" text="$l10n_poi_objectStorageUnload" showOwner="true"  showEveryone="false"/>
        <point triggerNode="playerTrigger" text="$l10n_poi_objectStorageLoad"   showOwner="true"  showEveryone="false" />
    </pointOfInterest>

    <i3dMappings>
        <i3dMapping id="clearArea1Start" node="0>0|0" />
        <i3dMapping id="clearArea1Width" node="0>0|0|0" />
        <i3dMapping id="clearArea1Height" node="0>0|0|1" />
        <i3dMapping id="levelArea1Start" node="0>1|0" />
        <i3dMapping id="levelArea1Width" node="0>1|0|0" />
        <i3dMapping id="levelArea1Height" node="0>1|0|1" />
        <i3dMapping id="indoorArea1Start" node="0>2|0" />
        <i3dMapping id="indoorArea1Width" node="0>2|0|0" />
        <i3dMapping id="indoorArea1Height" node="0>2|0|1" />
        <i3dMapping id="testArea1Start" node="0>3|0" />
        <i3dMapping id="testArea1End" node="0>3|0|0" />
        <i3dMapping id="tipOcclusionUpdateArea1Start" node="0>4|0" />
        <i3dMapping id="tipOcclusionUpdateArea1End" node="0>4|0|0" />
        <i3dMapping id="spawnArea1Start" node="0>10|0|0" />
        <i3dMapping id="spawnArea1End" node="0>10|0|0|0" />
        <i3dMapping id="storageArea1Start" node="0>10|0|1" />
        <i3dMapping id="storageArea1End" node="0>10|0|1|0" />
        <i3dMapping id="objectTrigger" node="0>10|1" />
        <i3dMapping id="objectTriggerMarker" node="0>10|1|0" />
        <i3dMapping id="warningStripes" node="0>10|1|1" />
        <i3dMapping id="playerTrigger" node="0>10|2" />
        <i3dMapping id="playerTriggerMarker" node="0>10|2|0" />
        <i3dMapping id="infoTrigger" node="0>10|3" />
        <i3dMapping id="teleportNode" node="0>10|1|0" />
    </i3dMappings>
    
</placeable>
