<?xml version="1.0" encoding="utf-8" standalone="no" ?>
<modDesc descVersion="92">
	<author>loki_79</author>
    <version>1.0.0.1</version>
	<title>
		<en>LumberJack</en>
		<de>Holzfäller</de>
	</title>

	<description>
<en><![CDATA[This mod adds some quality of life improvements to make felling trees with the chainsaw a little easier, but still retains enough realism to allow payment for selling the wood. The chainsaw can now shred tree stumps, and the “super strength” mode also offers the ability to completely remove trees.

Keyboard shortcuts:
- Hold ALT for temporary strength
- Double tap ALT to toggle super strength on/off

Features:
- Easily remove smaller pieces of wood, similar to removing thin branches
- Cutting speed and range of the chainsaw adjustable
- Adjustable object weight and shooting range (only when super power is active)
- Cutting trees anywhere on the map, even on areas that cannot be purchased (e.g. from the dealer)
- Display the weight of the viewed objects in the F1 menu
- Chainsaw can remove stumps (grind for 3 seconds) 

Changelog:
v1.0.0.1
- Fixed an error that would prevent the mod starting on the Asian Map

Note:
- Super strength is currently disabled in multiplayer.
]]>
</en>
<de><![CDATA[Dieser Mod fügt einige Verbesserungen der Lebensqualität hinzu, um das Abholzen von Bäumen mit der Kettensäge etwas einfacher zu machen, behält aber immer noch genug Realismus, um die Bezahlung für den Verkauf des Holzes zu verdienen.  Die Kettensäge kann nun Baumstümpfe schleifen, und der 'Superstärke'-Modus bietet auch die Möglichkeit, Bäume vollständig zu löschen.

Tastenkombinationen:
- ALT für temporäre Stärke gedrückt halten
- Tippe ALT doppelt zum Ein-/Ausschalten der Superstärke

Merkmale:
- Leichte Zerstörung kleiner Holzstücke, ähnlich wie beim Entfernen von superfischen Ästen
- Einstellbare Geschwindigkeit und Reichweite der Kettensäge
- Einstellbare Objektmasse und Aufnahmereichweite (nur bei aktiver Superstärke)
- Bäume überall auf der Karte fällen, auch auf Land, das nicht gekauft werden kann (wie das Geschäft)
- Masse der angezeigten Objekte im F1-Menü anzeigen
- Kettensäge kann Stümpfe entfernen (3 Sekunden schleifen)

Changelog:
v1.0.0.1
- Fehler behoben, der den Start der Mod auf der asiatischen Karte verhinderte

Anmerkung:
- Superstärke ist derzeit im Mehrspielermodus deaktiviert.
]]>
</de>
	</description>

	<multiplayer supported="true" />
	<iconFilename>icon_LumberJack.dds</iconFilename>
	<extraSourceFiles>
		<sourceFile filename="LumberJack.lua" />
	</extraSourceFiles>
	
	<actions>
		<action name="LUMBERJACK_STRENGTH" category="ONFOOT" axisType="HALF"/>
	</actions>
	<inputBinding>
		<actionBinding action="LUMBERJACK_STRENGTH" >
			<binding device="KB_MOUSE_DEFAULT" input="KEY_lalt" />
		</actionBinding>
	</inputBinding>	
	<l10n filenamePrefix="language/l10n"/>
	
</modDesc>
