<?xml version="1.0" encoding="utf-8" standalone="no" ?>

<sounds>
    <!-- Odpalanie --> 
	<motorstart file="Dzwieki/MF/Start MF by PrezesZiaroo.ogg" innerRadius="15.0" outerRadius="110.0">
		<volume indoor="1.0" outdoor="1.0"/>
        <lowpassGain indoor="1.0" outdoor="1.0"/>
	</motorstart>

    <!-- Gaszenie --> 
	<motorStop file="Dzwieki/MF/Stop MF by PrezesZiaroo.ogg" innerRadius="15.0" outerRadius="110.0">	
		<volume indoor="1.0" outdoor="1.0"/>
        <lowpassGain indoor="1.0" outdoor="1.0"/>
	</motorStop>

    <!-- Wolne obroty --> 
	<motor file="Dzwieki/MF/Wolne MF by PrezesZiaroo.ogg" innerRadius="15.0" outerRadius="110.0">
        <volume indoor="1.0" outdoor="1.00">
            <modifier type="MOTOR_RPM" value="0.00" modifiedValue="1.00"/>
            <modifier type="MOTOR_RPM" value="1.00" modifiedValue="0.00"/>
        </volume>
        <pitch indoor="1.0" outdoor="1.0">
            <modifier type="MOTOR_RPM" value="0.00" modifiedValue="1.00"/>
            <modifier type="MOTOR_RPM" value="0.75" modifiedValue="1.50"/>
        </pitch>
		 <lowpassGain indoor="1.0" outdoor="1.0"/>
    </motor>

    <!-- Wysoke obroty --> 
	<motor file="Dzwieki/MF/Wysoke MF by PrezesZiaroo.ogg" innerRadius="15.0" outerRadius="110.0">
	    <volume indoor="1.0" outdoor="1.00">
            <modifier type="MOTOR_RPM" value="0.00" modifiedValue="0.00"/>
            <modifier type="MOTOR_RPM" value="0.70" modifiedValue="1.00"/>
        </volume>
        <pitch indoor="1.0" outdoor="1.0" >
            <modifier type="MOTOR_RPM" value="0.25" modifiedValue="0.75"/>
            <modifier type="MOTOR_RPM" value="1.00" modifiedValue="1.00"/>
        </pitch>
		 <lowpassGain indoor="1.0" outdoor="1.0"/>
	</motor>

    <!-- Praca --> 
    <gearbox file="Dzwieki/MF/Praca MF by PrezesZiaroo.ogg" innerRadius="15.0" outerRadius="90.0">
        <volume indoor="2" outdoor="2">
            <modifier type="SPEED" value="6.0" modifiedValue="0.0"/>
            <modifier type="SPEED" value="50.0" modifiedValue="1.0"/>
        </volume>
        <pitch indoor="1.0" outdoor="1.0" >
            <modifier type="SPEED" value="0.0" modifiedValue="0.8"/>
            <modifier type="SPEED" value="50.0" modifiedValue="1.2"/>
        </pitch>
        <lowpassGain indoor="1.0" outdoor="1.0"/>
    </gearbox>  

    <!-- Redukcja na Luz 
    <retarder file="Dzwieki/MF/Luz MF by PrezesZiaroo.ogg" innerRadius="15.0" outerRadius="70.0"> 
        <volume indoor="1" outdoor="1">
           <modifier type="SPEED" value="0.0" modifiedValue="0.0"/>
            <modifier type="SPEED" value="50.0" modifiedValue="1.0"/>
            <modifier type="ACCELERATE" value="0" modifiedValue="1.0"/>
            <modifier type="ACCELERATE" value="0.01" modifiedValue="0.0"/>
            <modifier type="CRUISECONTROL" value="0" modifiedValue="1.0"/>
            <modifier type="CRUISECONTROL" value="0.01" modifiedValue="0.0"/>
        </volume>
        <pitch indoor="1.0" outdoor="1.0">
           <modifier type="SPEED" value="0.0"   modifiedValue="1.0"/>
            <modifier type="SPEED" value="1.0" modifiedValue="3.0"/>
        </pitch>
        <lowpassGain indoor="1.0" outdoor="1.0"/>
    </retarder>--> 

    <!-- Hamulec 
        <compressedAir file="Dzwieki/MF/Hamulec MF by PrezesZiaroo.ogg" innerRadius="5.0" outerRadius="45.0">
        <volume indoor="1.00" outdoor="2.00">
            <modifier type="BRAKE_TIME" value="0.0" modifiedValue="0.0"/>
            <modifier type="BRAKE_TIME" value="1.0" modifiedValue="1.0"/>
        </volume>
        <pitch indoor="1.0" outdoor="1.0" />
        <lowpassGain indoor="1.0" outdoor="1.0"/>
    </compressedAir>--> 
</sounds>