<?xml version="1.0" encoding="utf-8" standalone="no" ?>
<placeable type="simplePlaceable" xmlns:xsi="http://www.w3.org/2001/XMLSchema-instance" xsi:noNamespaceSchemaLocation="../../../../shared/xml/schema/placeable.xsd">
    <storeData>
        <name>
            <en>Small Combine Garage</en>
		    <de>Kleine Mähdreschergarage</de>
		    <fr>Petit garage de moissonneuse-batteuse</fr>
            <pl>Mały Garaż Na Kombajn</pl>
        </name>
        <image>store_SmallCombineGarage.dds</image>
        <price>20000</price>
        <functions>
            <function>$l10n_function_garage</function>
        </functions>
        <lifetime>1000</lifetime>
        <dailyUpkeep>7</dailyUpkeep>
        <rotation>0</rotation>
        <brand>NONE</brand>
        <species>placeable</species>
        <category>sheds</category>
        <canBeSold>true</canBeSold>
        <showInStore>true</showInStore>
        <vertexBufferMemoryUsage>1843456</vertexBufferMemoryUsage>
        <indexBufferMemoryUsage>315392</indexBufferMemoryUsage>
        <textureMemoryUsage>5177344</textureMemoryUsage>
        <audioMemoryUsage>0</audioMemoryUsage>
        <instanceVertexBufferMemoryUsage>0</instanceVertexBufferMemoryUsage>
        <instanceIndexBufferMemoryUsage>0</instanceIndexBufferMemoryUsage>
    </storeData>

    <base>
        <filename>garaz.i3d</filename>
    </base>

    <placement useRandomYRotation="false" useManualYRotation="true">
        <testAreas>
            <testArea startNode="testArea1Start" endNode="testArea1End" />
        </testAreas>
        <sounds>
            <place template="smallImp" />
        </sounds>
    </placement>

    <indoorAreas>
        <indoorArea startNode="indoorAreaStart" widthNode="indoorAreaWidth" heightNode="indoorAreaHeight"/>
        <indoorArea startNode="0>4|0|1" widthNode="0>4|0|1|0" heightNode="0>4|0|1|1"/>
    </indoorAreas>

    <clearAreas>
        <clearArea startNode="clearAreaStart" widthNode="clearAreaWidth" heightNode="clearAreaHeight"/>
    </clearAreas>

    <leveling requireLeveling="true" maxSmoothDistance="10" maxSlope="75" maxEdgeAngle="30">
        <levelAreas>
            <levelArea startNode="levelingAreaStart" widthNode="levelingAreaWidth" heightNode="levelingAreaHeight" groundType="dirt"/>
        </levelAreas>
    </leveling>

    <tipOcclusionUpdateAreas>
        <tipOcclusionUpdateArea startNode="tipOcclusionUpdateArea1Start" endNode="tipOcclusionUpdateArea1End" />
    </tipOcclusionUpdateAreas>

    <ai>
        <updateAreas>
            <updateArea startNode="tipOcclusionUpdateArea1Start" endNode="tipOcclusionUpdateArea1End" />
        </updateAreas>
    </ai>

    <animatedObjects>
        <animatedObject saveId="DoorSmall" >
            <animation duration="5">
                <part node="WrotaMaleZasuwa">
                    <keyFrame time="0.0"    translation="0.02463 -0.171 1.47337997" rotation="0 0 0"/>
                    <keyFrame time="0.1"    translation="0.02463 -0.171 1.47"      rotation="0 0 40"/>
                    <keyFrame time="0.15"   translation="0.02463 -0.171 1.469"       rotation="0 0 25"/>
                    <keyFrame time="0.2"    translation="0.02463 -0.171 1.465"      rotation="0 0 40"/>
                    <keyFrame time="0.25"   translation="0.02463 -0.171 1.41"       rotation="0 0 0"/>
                </part>
                <part node="WrotaMalePrawe">
                    <keyFrame time="0.25" rotation="0 0 0"/>
                    <keyFrame time="0.6" rotation="0 100 0"/>
                </part>
                <part node="WrotaMaleLewe">
                    <keyFrame time="0.6" rotation="0 0 0"/>
                    <keyFrame time="1.0" rotation="0 -100 0"/>
                </part>
            </animation>
            <controls triggerNode="TriggerMale" posAction="ACTIVATE_HANDTOOL" posText="action_openGate" negText="action_closeGate" />
            <sounds>
                <moving linknode="TriggerMale" template="fenceLoop" />
                <posEnd linknode="TriggerMale" template="fenceOpen" />
                <negEnd linknode="TriggerMale" template="fenceClose" />
            </sounds>
        </animatedObject>
        <animatedObject saveId="DoorMedium" >
            <animation duration="5">
                <part node="WrotaSrednieZasuwa">
                    <keyFrame time="0.0"    translation="0.02463 -0.46599999 1.62685001" rotation="0 0 0"/>
                    <keyFrame time="0.1"    translation="0.02463 -0.46599999 1.625"      rotation="0 0 40"/>
                    <keyFrame time="0.15"   translation="0.02463 -0.46599999 1.624"       rotation="0 0 25"/>
                    <keyFrame time="0.2"    translation="0.02463 -0.46599999 1.621"      rotation="0 0 40"/>
                    <keyFrame time="0.25"   translation="0.02463 -0.46599999 1.565"      rotation="0 0 0"/>
                </part>
                <part node="WrotaSredniePrawe">
                    <keyFrame time="0.25" rotation="0 0 0"/>
                    <keyFrame time="0.6" rotation="0 100 0"/>
                </part>
                <part node="WrotaSrednieLewe">
                    <keyFrame time="0.6" rotation="0 0 0"/>
                    <keyFrame time="1.0" rotation="0 -100 0"/>
                </part>
            </animation>
            <controls triggerNode="TriggerSrednie" posAction="ACTIVATE_HANDTOOL" posText="action_openGate" negText="action_closeGate" />
            <sounds>
                <moving linknode="TriggerSrednie" template="fenceLoop" />
                <posEnd linknode="TriggerSrednie" template="fenceOpen" />
                <negEnd linknode="TriggerSrednie" template="fenceClose" />
            </sounds>
        </animatedObject>
        <animatedObject saveId="DoorBig" >
            <animation duration="5">
                <part node="WrotaDuzeZasuwa">
                    <keyFrame time="0.0"    translation="0.02534986 -0.68699998 1.90400004"  rotation="0 0 0"/>
                    <keyFrame time="0.1"    translation="0.02534986 -0.68699998 1.899"       rotation="0 0 40"/>
                    <keyFrame time="0.15"   translation="0.02534986 -0.68699998 1.898"        rotation="0 0 25"/>
                    <keyFrame time="0.2"    translation="0.02534986 -0.68699998 1.893"       rotation="0 0 40"/>
                    <keyFrame time="0.25"   translation="0.02534986 -0.68699998 1.84"        rotation="0 0 0"/>
                </part>
                <part node="WrotaDuzePrawe">
                    <keyFrame time="0.25" rotation="0 0 0"/>
                    <keyFrame time="0.6" rotation="0 110 0"/>
                </part>
                <part node="WrotaDuzeLewe">
                    <keyFrame time="0.6" rotation="0 0 0"/>
                    <keyFrame time="1.0" rotation="0 -110 0"/>
                </part>
            </animation>
            <controls triggerNode="TriggerDuze" posAction="ACTIVATE_HANDTOOL" posText="action_openGate" negText="action_closeGate" />
            <sounds>
                <moving linknode="TriggerDuze" template="fenceLoop" />
                <posEnd linknode="TriggerDuze" template="fenceOpen" />
                <negEnd linknode="TriggerDuze" template="fenceClose" />
            </sounds>
        </animatedObject>
    </animatedObjects>

    <i3dMappings>
        <i3dMapping id="TriggerMale"                 node="0>2|0|0" />
        <i3dMapping id="WrotaMaleLewe"               node="0>2|0|1" />
        <i3dMapping id="WrotaMalePrawe"              node="0>2|0|2" />
        <i3dMapping id="WrotaMaleZasuwa"             node="0>2|0|2|0" />
        <i3dMapping id="TriggerSrednie"              node="0>2|1|0" />
        <i3dMapping id="WrotaSrednieLewe"            node="0>2|1|1" />
        <i3dMapping id="WrotaSredniePrawe"           node="0>2|1|2" />
        <i3dMapping id="WrotaSrednieZasuwa"          node="0>2|1|2|0" />
        <i3dMapping id="TriggerDuze"                 node="0>2|2|0" />
        <i3dMapping id="WrotaDuzeLewe"               node="0>2|2|1" />
        <i3dMapping id="WrotaDuzePrawe"              node="0>2|2|2" />
        <i3dMapping id="WrotaDuzeZasuwa"             node="0>2|2|2|0" />
        <i3dMapping id="indoorAreaStart"             node="0>4|0|0" />
        <i3dMapping id="indoorAreaWidth"             node="0>4|0|0|0" />
        <i3dMapping id="indoorAreaHeight"            node="0>4|0|0|1" />
        <i3dMapping id="clearAreaStart"              node="0>4|1|0" />
        <i3dMapping id="clearAreaWidth"              node="0>4|1|0|0" />
        <i3dMapping id="clearAreaHeight"             node="0>4|1|0|1" />
        <i3dMapping id="levelingAreaStart"           node="0>4|2|0" />
        <i3dMapping id="levelingAreaWidth"           node="0>4|2|0|0" />
        <i3dMapping id="levelingAreaHeight"          node="0>4|2|0|1" />
        <i3dMapping id="testArea1Start"               node="0>4|3|0" />
        <i3dMapping id="testArea1End"                 node="0>4|3|0|0" />
        <i3dMapping id="tipOcclusionUpdateArea1Start" node="0>4|4|0" />
        <i3dMapping id="tipOcclusionUpdateArea1End"   node="0>4|4|0|0" />
    </i3dMappings>
</placeable>
