﻿<?xml version="1.0" encoding="utf-8" standalone="no" ?>
<modDesc descVersion="92">
    <author>Vertuzek, Miziuu</author>
    <version>1.0.0.0</version>
    <title>
        <en>Small Combine Garage</en>
		<de>Kleine Mähdreschergarage</de>
		<fr>Petit Garage De Moissonneuse-Atteuse</fr>
        <pl>Mały Garaż Na Kombajn</pl>
    </title>

<description>
<en><![CDATA[
Small Garage, for combine and other agricultural mashines.
Price: $20000
Daily upkeep: $7 / day
]]></en>

<de><![CDATA[
Kleine Garage für Mähdrescher und andere landwirtschaftliche Maschinen.
Preis: $20000
Tägliche Unterhaltskosten: $7 / Tag
]]></de> 

<fr><![CDATA[
Petit garage, pour moissonneuse-batteuse et autres machines agricoles.
Prix : $20000
Entretien quotidien : $7 / jour
]]></fr>

<pl><![CDATA[
Mały garaż na kombajn i inne maszyny rolnicze.
Cena: $20000
Dzienny koszt: $7
]]></pl>
</description>

    <iconFilename>icon_SmallCombineGarage.dds</iconFilename>
    <multiplayer supported="true" />
    <storeItems>
        <storeItem xmlFilename="garaz.xml"/>
    </storeItems>
</modDesc>    
    
	

